player,player_norm,pos,team,has_espn_projection,eligible,r_pass_yds,r_pass_tds,r_rush_yds,r_rush_tds,r_receptions,r_rec_yds,r_rec_tds,ros_half_ppr,weeks_covered,season_block_half_ppr,espn_snapshot_date
Josh Allen,josh allen,QB,BUF,True,True,3399.7,22.3,472.8,11.0,0.0,0.0,0.0,338.47,4-18,338.55,2026-09-30
Jahmyr Gibbs,jahmyr gibbs,RB,DET,True,True,0.0,0.0,1391.2,14.7,66.1,534.9,3.3,333.66,4-18,333.83,2026-09-30
Lamar Jackson,lamar jackson,QB,BAL,True,True,3384.8,21.5,589.6,3.7,0.0,0.0,0.0,302.55,4-18,302.45,2026-09-30
Brock Purdy,brock purdy,QB,SF,True,True,3729.9,25.0,283.3,3.3,0.0,0.0,0.0,297.33,4-18,297.62,2026-09-30
Trevor Lawrence,trevor lawrence,QB,JAX,True,True,3429.3,26.6,258.4,3.4,0.0,0.0,0.0,289.81,4-18,289.84,2026-09-30
Jalen Hurts,jalen hurts,QB,PHI,True,True,3252.1,20.2,377.4,6.6,0.0,0.0,0.0,288.22,4-18,288.10,2026-09-30
Joe Burrow,joe burrow,QB,CIN,True,True,3601.3,28.8,164.9,1.2,0.0,0.0,0.0,282.94,4-18,282.88,2026-09-30
Tyler Shough,tyler shough,QB,NO,True,True,3451.0,24.4,264.0,3.3,0.0,0.0,0.0,281.84,4-18,282.04,2026-09-30
Patrick Mahomes,patrick mahomes,QB,KC,True,True,3428.1,25.7,273.4,2.4,0.0,0.0,0.0,281.66,4-18,281.52,2026-09-30
Dak Prescott,dak prescott,QB,DAL,True,True,3535.4,26.8,204.4,2.0,0.0,0.0,0.0,281.06,4-18,281.37,2026-09-30
Drake Maye,drake maye,QB,NE,True,True,3382.4,19.4,458.4,2.4,0.0,0.0,0.0,273.14,4-18,273.16,2026-09-30
Kyler Murray,kyler murray,QB,MIN,True,True,3153.4,20.8,430.8,3.3,0.0,0.0,0.0,272.22,4-18,272.19,2026-09-30
Matthew Stafford,matthew stafford,QB,LAR,True,True,3720.6,28.3,39.6,0.7,0.0,0.0,0.0,270.18,4-18,270.04,2026-09-30
Bijan Robinson,bijan robinson,RB,ATL,True,True,0.0,0.0,1207.4,8.6,54.6,518.4,2.8,268.28,4-18,268.17,2026-09-30
Jared Goff,jared goff,QB,DET,True,True,3632.4,27.6,39.9,0.8,0.0,0.0,0.0,264.49,4-18,264.45,2026-09-30
Kenneth Walker III,kenneth walker iii,RB,KC,True,True,0.0,0.0,1196.8,10.4,45.1,382.8,3.1,261.51,4-18,261.55,2026-09-30
Bryce Young,bryce young,QB,CAR,True,True,3428.9,22.2,228.6,2.1,0.0,0.0,0.0,261.42,4-18,261.49,2026-09-30
Derrick Henry,derrick henry,RB,BAL,True,True,0.0,0.0,1380.3,14.1,20.3,179.9,1.0,256.77,4-18,256.55,2026-09-30
Jonathan Taylor,jonathan taylor,RB,IND,True,True,0.0,0.0,1233.0,12.1,41.3,327.9,1.2,256.54,4-18,256.53,2026-09-30
Jordan Love,jordan love,QB,GB,True,True,3627.5,22.9,119.6,1.0,0.0,0.0,0.0,254.66,4-18,254.85,2026-09-30
Bo Nix,bo nix,QB,DEN,True,True,3274.8,19.5,271.4,2.9,0.0,0.0,0.0,253.53,4-18,253.50,2026-09-30
Christian McCaffrey,christian mccaffrey,RB,SF,True,True,0.0,0.0,890.1,8.4,67.9,581.0,3.5,252.46,4-18,252.53,2026-09-30
Jayden Daniels,jayden daniels,QB,WSH,True,True,2723.4,16.1,584.9,2.7,0.0,0.0,0.0,248.03,4-18,248.05,2026-09-30
Puka Nacua,puka nacua,WR,LAR,True,True,0.0,0.0,63.4,0.8,99.3,1333.6,8.4,244.55,4-18,244.40,2026-09-30
Jaxon Smith-Njigba,jaxon smithnjigba,WR,SEA,True,True,0.0,0.0,20.8,0.2,103.3,1346.8,8.9,243.01,4-18,242.57,2026-09-30
Sam Darnold,sam darnold,QB,SEA,True,True,3445.4,22.3,100.0,0.9,0.0,0.0,0.0,242.42,4-18,242.38,2026-09-30
Deshaun Watson,deshaun watson,QB,CLE,True,True,2995.2,15.9,423.2,1.9,0.0,0.0,0.0,237.13,4-18,237.32,2026-09-30
Geno Smith,geno smith,QB,NYJ,True,True,3334.2,18.4,200.3,1.6,0.0,0.0,0.0,236.60,4-18,236.62,2026-09-30
Jacoby Brissett,jacoby brissett,QB,ARI,True,True,3199.3,19.9,162.8,1.9,0.0,0.0,0.0,235.25,4-18,234.90,2026-09-30
Ja'Marr Chase,jamarr chase,WR,CIN,True,True,0.0,0.0,17.3,0.1,105.5,1214.6,9.7,234.74,4-18,235.06,2026-09-30
C.J. Stroud,cj stroud,QB,HOU,True,True,3333.4,18.7,199.9,1.0,0.0,0.0,0.0,234.13,4-18,233.85,2026-09-30
Amon-Ra St. Brown,amonra st brown,WR,DET,True,True,0.0,0.0,9.9,0.1,102.6,1226.1,9.6,233.10,4-18,233.25,2026-09-30
Ashton Jeanty,ashton jeanty,RB,LV,True,True,0.0,0.0,965.4,7.0,59.6,472.0,2.4,229.94,4-18,230.31,2026-09-30
James Cook,james cook,RB,BUF,True,True,0.0,0.0,1255.8,9.9,27.9,225.0,1.4,229.83,4-18,229.84,2026-09-30
Caleb Williams,caleb williams,QB,CHI,True,True,2847.6,16.4,336.9,2.6,0.0,0.0,0.0,228.79,4-18,228.74,2026-09-30
Justin Herbert,justin herbert,QB,LAC,True,True,3179.5,14.9,302.3,1.7,0.0,0.0,0.0,227.21,4-18,227.25,2026-09-30
Daniel Jones,daniel jones,QB,IND,True,True,3157.2,16.3,188.2,2.5,0.0,0.0,0.0,225.31,4-18,225.37,2026-09-30
Malik Willis,malik willis,QB,MIA,True,True,3120.3,10.4,407.4,2.7,0.0,0.0,0.0,223.35,4-18,223.44,2026-09-30
Aaron Rodgers,aaron rodgers,QB,PIT,True,True,3249.9,19.1,103.8,0.7,0.0,0.0,0.0,220.98,4-18,221.27,2026-09-30
Michael Penix Jr.,michael penix jr,QB,ATL,True,True,3337.1,16.7,117.6,1.4,0.0,0.0,0.0,220.44,4-18,220.55,2026-09-30
Chase Brown,chase brown,RB,CIN,True,True,0.0,0.0,1011.0,6.9,51.6,316.8,1.9,211.38,4-18,211.48,2026-09-30
Cameron Ward,cameron ward,QB,TEN,True,True,3089.7,13.6,173.3,2.3,0.0,0.0,0.0,209.12,4-18,208.91,2026-09-30
Justin Jefferson,justin jefferson,WR,MIN,True,True,0.0,0.0,9.5,0.1,91.3,1119.4,8.2,208.34,4-18,208.12,2026-09-30
Bucky Irving,bucky irving,RB,TB,True,True,0.0,0.0,1156.5,6.2,38.2,274.6,1.4,207.81,4-18,207.89,2026-09-30
Javonte Williams,javonte williams,RB,DAL,True,True,0.0,0.0,977.5,9.8,35.9,217.5,1.2,203.45,4-18,203.25,2026-09-30
Saquon Barkley,saquon barkley,RB,PHI,True,True,0.0,0.0,1170.8,6.8,26.0,214.9,1.5,201.37,4-18,200.90,2026-09-30
CeeDee Lamb,ceedee lamb,WR,DAL,True,True,0.0,0.0,10.0,0.1,89.6,1073.3,7.6,199.33,4-18,199.44,2026-09-30
Breece Hall,breece hall,RB,NYJ,True,True,0.0,0.0,905.2,7.5,38.5,304.4,1.4,193.61,4-18,193.84,2026-09-30
Trey McBride,trey mcbride,TE,ARI,True,True,0.0,0.0,0.0,0.0,104.3,907.0,8.0,190.85,4-18,190.57,2026-09-30
Drake London,drake london,WR,ATL,True,True,0.0,0.0,20.0,0.2,82.3,1126.1,5.3,188.76,4-18,188.77,2026-09-30
Jeremiyah Love,jeremiyah love,RB,ARI,True,True,0.0,0.0,923.7,6.4,39.3,280.5,1.6,188.07,4-18,188.07,2026-09-30
Chuba Hubbard,chuba hubbard,RB,CAR,True,True,0.0,0.0,949.5,5.7,41.3,274.1,1.8,188.01,4-18,188.11,2026-09-30
Chris Olave,chris olave,WR,NO,True,True,0.0,0.0,0.0,0.0,82.7,1035.2,6.8,185.67,4-18,185.76,2026-09-30
Cameron Skattebo,cameron skattebo,RB,NYG,True,True,0.0,0.0,932.5,6.8,34.5,273.1,0.9,184.01,4-18,183.87,2026-09-30
D'Andre Swift,dandre swift,RB,CHI,True,True,0.0,0.0,894.6,7.3,33.9,281.6,0.9,183.77,4-18,184.00,2026-09-30
Zay Flowers,zay flowers,WR,BAL,True,True,0.0,0.0,50.4,0.4,69.8,1069.9,5.1,179.93,4-18,179.85,2026-09-30
Parker Washington,parker washington,WR,JAX,True,True,0.0,0.0,9.1,0.1,70.9,971.1,7.4,178.47,4-18,178.28,2026-09-30
Jaylen Warren,jaylen warren,RB,PIT,True,True,0.0,0.0,847.5,4.1,44.7,347.1,2.0,178.41,4-18,178.79,2026-09-30
Kyren Williams,kyren williams,RB,LAR,True,True,0.0,0.0,809.9,8.0,33.3,208.2,1.9,177.86,4-18,177.70,2026-09-30
Davante Adams,davante adams,WR,LAR,True,True,0.0,0.0,0.0,0.0,64.7,984.5,7.7,177.00,4-18,177.19,2026-09-30
Christian Watson,christian watson,WR,GB,True,True,0.0,0.0,8.0,0.1,65.2,959.2,7.8,176.72,4-18,176.63,2026-09-30
Nico Collins,nico collins,WR,HOU,True,True,0.0,0.0,9.8,0.1,74.4,965.1,6.5,174.29,4-18,173.84,2026-09-30
DeVonta Smith,devonta smith,WR,PHI,True,True,0.0,0.0,0.0,0.0,82.6,990.4,5.6,173.94,4-18,173.91,2026-09-30
Baker Mayfield,baker mayfield,QB,TB,True,True,2438.4,11.7,211.0,1.4,0.0,0.0,0.0,173.84,4-18,174.29,2026-09-30
Garrett Wilson,garrett wilson,WR,NYJ,True,True,0.0,0.0,9.2,0.1,87.3,948.7,5.4,172.44,4-18,172.04,2026-09-30
Brock Bowers,brock bowers,TE,LV,True,True,0.0,0.0,7.6,0.1,84.8,878.7,6.7,171.83,4-18,171.72,2026-09-30
Rashee Rice,rashee rice,WR,KC,True,True,0.0,0.0,18.4,0.2,77.1,895.4,6.7,171.33,4-18,171.05,2026-09-30
Bhayshul Tuten,bhayshul tuten,RB,JAX,True,True,0.0,0.0,928.4,6.7,23.1,183.6,1.1,169.55,4-18,169.30,2026-09-30
Omarion Hampton,omarion hampton,RB,LAC,True,True,0.0,0.0,983.4,6.8,20.1,136.3,0.5,165.82,4-18,165.94,2026-09-30
George Pickens,george pickens,WR,DAL,True,True,0.0,0.0,0.0,0.0,69.1,912.1,6.6,165.36,4-18,165.19,2026-09-30
Quinshon Judkins,quinshon judkins,RB,CLE,True,True,0.0,0.0,903.5,5.5,29.6,209.1,0.8,163.86,4-18,163.69,2026-09-30
David Montgomery,david montgomery,RB,HOU,True,True,0.0,0.0,849.9,7.4,25.5,180.1,0.6,163.75,4-18,163.72,2026-09-30
George Kittle,george kittle,TE,SF,True,True,0.0,0.0,0.0,0.0,70.3,888.9,6.5,163.04,4-18,163.30,2026-09-30
Tony Pollard,tony pollard,RB,TEN,True,True,0.0,0.0,998.8,5.1,27.2,161.3,0.4,162.61,4-18,162.30,2026-09-30
J.J. McCarthy,jj mccarthy,QB,NYG,True,True,2254.2,11.1,168.1,1.6,0.0,0.0,0.0,160.98,4-18,161.08,2026-09-30
Tee Higgins,tee higgins,WR,CIN,True,True,0.0,0.0,0.0,0.0,65.0,891.6,6.4,160.06,4-18,160.20,2026-09-30
Tetairoa McMillan,tetairoa mcmillan,WR,CAR,True,True,0.0,0.0,0.0,0.0,60.1,938.1,6.0,159.86,4-18,160.11,2026-09-30
Matthew Golden,matthew golden,WR,GB,True,True,0.0,0.0,24.4,0.2,61.8,889.3,5.4,155.87,4-18,155.87,2026-09-30
DJ Moore,dj moore,WR,BUF,True,True,0.0,0.0,30.2,0.3,61.0,876.3,5.3,154.75,4-18,154.85,2026-09-30
Mike Evans,mike evans,WR,SF,True,True,0.0,0.0,0.0,0.0,59.5,857.1,5.9,150.86,4-18,150.65,2026-09-30
Michael Wilson,michael wilson,WR,ARI,True,True,0.0,0.0,0.0,0.0,71.2,883.9,4.4,150.39,4-18,150.41,2026-09-30
Malik Nabers,malik nabers,WR,NYG,True,True,0.0,0.0,0.0,0.0,65.0,880.0,4.9,149.90,4-18,150.18,2026-09-30
J.K. Dobbins,jk dobbins,RB,DEN,True,True,0.0,0.0,965.6,5.9,13.7,86.6,0.4,149.87,4-18,150.01,2026-09-30
Jalen Coker,jalen coker,WR,CAR,True,True,0.0,0.0,0.0,0.0,72.0,837.2,4.7,147.92,4-18,148.06,2026-09-30
Rhamondre Stevenson,rhamondre stevenson,RB,NE,True,True,0.0,0.0,622.4,4.6,36.6,287.0,1.6,146.44,4-18,146.67,2026-09-30
Aaron Jones,aaron jones,RB,MIN,True,True,0.0,0.0,695.9,4.5,31.3,250.1,1.5,146.25,4-18,146.30,2026-09-30
Terry McLaurin,terry mclaurin,WR,WSH,True,True,0.0,0.0,0.0,0.0,55.9,836.3,5.3,143.38,4-18,143.51,2026-09-30
Ollie Gordon II,ollie gordon ii,RB,MIA,True,True,0.0,0.0,733.2,5.3,27.3,201.1,0.7,143.08,4-18,143.22,2026-09-30
Luther Burden III,luther burden iii,WR,CHI,True,True,0.0,0.0,38.0,0.3,64.1,796.3,4.2,142.48,4-18,142.31,2026-09-30
Fernando Mendoza,fernando mendoza,QB,LV,True,True,1828.9,11.3,134.4,1.2,0.0,0.0,0.0,139.00,4-18,139.14,2026-09-30
Carnell Tate,carnell tate,WR,TEN,True,True,0.0,0.0,0.0,0.0,61.1,863.6,3.5,137.91,4-18,137.99,2026-09-30
Travis Etienne Jr.,travis etienne jr,RB,NO,True,True,0.0,0.0,714.3,4.3,26.7,206.2,1.1,137.80,4-18,137.71,2026-09-30
Jaylen Waddle,jaylen waddle,WR,DEN,True,True,0.0,0.0,10.2,0.1,63.7,840.6,3.2,136.73,4-18,136.48,2026-09-30
Jadarian Price,jadarian price,RB,SEA,True,True,0.0,0.0,682.6,5.3,21.6,182.0,1.0,135.06,4-18,135.35,2026-09-30
Travis Kelce,travis kelce,TE,KC,True,True,0.0,0.0,0.0,0.0,62.8,736.9,4.8,133.89,4-18,134.02,2026-09-30
Emeka Egbuka,emeka egbuka,WR,TB,True,True,0.0,0.0,9.8,0.1,53.0,811.9,4.1,133.87,4-18,133.71,2026-09-30
Tyler Warren,tyler warren,TE,IND,True,True,0.0,0.0,18.9,0.4,73.6,662.1,4.4,133.70,4-18,133.76,2026-09-30
Zach Charbonnet,zach charbonnet,RB,SEA,True,True,0.0,0.0,606.8,6.8,22.9,168.1,0.6,133.34,4-18,133.29,2026-09-30
Deebo Samuel Sr.,deebo samuel sr,WR,SF,True,True,0.0,0.0,89.9,1.0,49.1,654.4,4.4,131.38,4-18,131.13,2026-09-30
Jordan Addison,jordan addison,WR,MIN,True,True,0.0,0.0,11.6,0.1,52.9,721.8,4.8,129.19,4-18,129.25,2026-09-30
Harold Fannin Jr.,harold fannin jr,TE,CLE,True,True,0.0,0.0,7.3,0.1,65.4,669.9,4.6,128.62,4-18,128.70,2026-09-30
Sam LaPorta,sam laporta,TE,DET,True,True,0.0,0.0,0.0,0.0,61.7,619.8,5.8,127.63,4-18,127.39,2026-09-30
Isaiah Likely,isaiah likely,TE,NYG,True,True,0.0,0.0,0.0,0.0,62.5,679.6,4.6,126.81,4-18,126.79,2026-09-30
TreVeyon Henderson,treveyon henderson,RB,NE,True,True,0.0,0.0,714.1,4.6,20.0,139.5,0.6,126.56,4-18,126.91,2026-09-30
Ladd McConkey,ladd mcconkey,WR,LAC,True,True,0.0,0.0,0.0,0.0,63.4,725.5,3.6,125.85,4-18,126.02,2026-09-30
Denzel Boston,denzel boston,WR,CLE,True,True,0.0,0.0,0.0,0.0,54.8,731.5,4.2,125.75,4-18,125.64,2026-09-30
Josh Downs,josh downs,WR,IND,True,True,0.0,0.0,9.4,0.1,62.0,727.1,3.3,125.05,4-18,125.27,2026-09-30
Jakobi Meyers,jakobi meyers,WR,JAX,True,True,0.0,0.0,20.1,0.2,54.6,613.8,5.5,124.89,4-18,124.87,2026-09-30
Malik Washington,malik washington,WR,MIA,True,True,0.0,0.0,58.9,0.4,54.0,756.7,2.3,124.76,4-18,124.88,2026-09-30
Adonai Mitchell,adonai mitchell,WR,NYJ,True,True,0.0,0.0,9.2,0.1,46.1,747.3,4.2,124.50,4-18,124.63,2026-09-30
Courtland Sutton,courtland sutton,WR,DEN,True,True,0.0,0.0,0.0,0.0,50.1,652.8,5.6,123.93,4-18,124.00,2026-09-30
Jordan Mason,jordan mason,RB,MIN,True,True,0.0,0.0,740.1,5.6,11.7,78.9,0.4,123.75,4-18,123.42,2026-09-30
DK Metcalf,dk metcalf,WR,PIT,True,True,0.0,0.0,0.0,0.0,46.1,698.2,5.1,123.47,4-18,123.37,2026-09-30
Dalton Kincaid,dalton kincaid,TE,BUF,True,True,0.0,0.0,0.0,0.0,59.4,720.0,3.6,123.30,4-18,123.51,2026-09-30
Jameson Williams,jameson williams,WR,DET,True,True,0.0,0.0,36.4,0.5,46.1,688.6,4.1,123.15,4-18,123.47,2026-09-30
Stefon Diggs,stefon diggs,WR,WSH,True,True,0.0,0.0,0.0,0.0,62.4,694.6,3.5,121.66,4-18,121.70,2026-09-30
RJ Harvey,rj harvey,RB,DEN,True,True,0.0,0.0,285.6,2.0,51.2,383.6,2.5,119.52,4-18,119.72,2026-09-30
Josh Jacobs,josh jacobs,RB,GB,True,True,0.0,0.0,577.8,4.6,24.2,171.0,0.8,119.38,4-18,119.53,2026-09-30
Rome Odunze,rome odunze,WR,CHI,True,True,0.0,0.0,0.0,0.0,40.7,675.7,5.1,118.52,4-18,118.61,2026-09-30
Jacory Croskey-Merritt,jacory croskeymerritt,RB,WSH,True,True,0.0,0.0,761.8,5.3,6.4,44.4,0.2,116.82,4-18,117.17,2026-09-30
Xavier Worthy,xavier worthy,WR,KC,True,True,0.0,0.0,40.1,0.5,43.3,583.7,4.8,115.83,4-18,115.68,2026-09-30
A.J. Brown,aj brown,WR,NE,True,True,0.0,0.0,0.0,0.0,50.2,690.0,3.6,115.70,4-18,115.43,2026-09-30
Dallas Goedert,dallas goedert,TE,PHI,True,True,0.0,0.0,0.0,0.0,57.0,613.7,4.3,115.67,4-18,115.55,2026-09-30
Blake Corum,blake corum,RB,LAR,True,True,0.0,0.0,652.9,5.0,14.0,96.2,0.5,114.91,4-18,114.63,2026-09-30
Ryan Flournoy,ryan flournoy,WR,DAL,True,True,0.0,0.0,9.6,0.1,50.2,612.4,4.4,114.30,4-18,114.17,2026-09-30
Juwan Johnson,juwan johnson,TE,NO,True,True,0.0,0.0,0.0,0.0,54.6,573.1,4.9,114.01,4-18,113.83,2026-09-30
Khalil Shakir,khalil shakir,WR,BUF,True,True,0.0,0.0,10.6,0.1,52.9,621.1,3.9,113.62,4-18,113.55,2026-09-30
Mark Andrews,mark andrews,TE,BAL,True,True,0.0,0.0,0.0,0.0,54.9,572.7,4.7,112.92,4-18,112.91,2026-09-30
Michael Pittman Jr.,michael pittman jr,WR,PIT,True,True,0.0,0.0,0.0,0.0,61.5,634.2,2.9,111.57,4-18,111.30,2026-09-30
KC Concepcion,kc concepcion,WR,CLE,True,True,0.0,0.0,72.4,0.4,52.4,599.1,2.3,109.55,4-18,109.83,2026-09-30
Kalif Raymond,kalif raymond,WR,CHI,True,True,0.0,0.0,20.9,0.1,59.8,613.7,2.4,108.36,4-18,108.52,2026-09-30
Rico Dowdle,rico dowdle,RB,PIT,True,True,0.0,0.0,599.6,3.1,18.9,137.3,0.8,106.54,4-18,106.14,2026-09-30
Dontayvion Wicks,dontayvion wicks,WR,PHI,True,True,0.0,0.0,0.0,0.0,43.0,606.3,4.0,106.13,4-18,105.92,2026-09-30
Quentin Johnston,quentin johnston,WR,LAC,True,True,0.0,0.0,18.1,0.1,40.9,662.9,2.7,105.35,4-18,105.64,2026-09-30
Jaylen Wright,jaylen wright,RB,MIA,True,True,0.0,0.0,534.9,2.8,24.0,183.2,0.7,104.81,4-18,105.12,2026-09-30
Kyle Monangai,kyle monangai,RB,CHI,True,True,0.0,0.0,519.2,3.7,18.7,152.6,0.8,103.53,4-18,103.53,2026-09-30
Kenyon Sadiq,kenyon sadiq,TE,NYJ,True,True,0.0,0.0,4.8,0.1,56.2,538.7,3.3,102.85,4-18,102.81,2026-09-30
Keenan Allen,keenan allen,WR,IND,True,True,0.0,0.0,0.0,0.0,57.5,553.8,3.0,102.13,4-18,102.24,2026-09-30
Tre Tucker,tre tucker,WR,LV,True,True,0.0,0.0,19.8,0.1,43.8,599.4,2.9,101.82,4-18,102.10,2026-09-30
Tucker Kraft,tucker kraft,TE,GB,True,True,0.0,0.0,3.4,0.1,54.0,591.3,2.4,101.47,4-18,101.14,2026-09-30
Wan'Dale Robinson,wandale robinson,WR,TEN,True,True,0.0,0.0,20.7,0.1,60.2,583.1,1.5,100.08,4-18,100.28,2026-09-30
Tyjae Spears,tyjae spears,RB,TEN,True,True,0.0,0.0,352.5,2.2,34.4,272.6,1.1,99.51,4-18,99.21,2026-09-30
Woody Marks,woody marks,RB,HOU,True,True,0.0,0.0,471.9,2.7,23.0,176.6,1.0,98.55,4-18,98.55,2026-09-30
Colston Loveland,colston loveland,TE,CHI,True,True,0.0,0.0,0.0,0.0,44.7,523.4,3.9,98.09,4-18,98.00,2026-09-30
Brian Thomas Jr.,brian thomas jr,WR,JAX,True,True,0.0,0.0,10.6,0.1,36.2,553.0,3.8,97.86,4-18,97.73,2026-09-30
Hunter Henry,hunter henry,TE,NE,True,True,0.0,0.0,0.0,0.0,47.1,516.7,3.7,97.42,4-18,97.50,2026-09-30
Caleb Douglas,caleb douglas,WR,MIA,True,True,0.0,0.0,0.0,0.0,43.7,624.6,2.1,96.91,4-18,96.82,2026-09-30
Kirk Cousins,kirk cousins,QB,LV,True,True,1452.8,8.4,19.4,0.4,0.0,0.0,0.0,96.05,4-18,96.18,2026-09-30
Rachaad White,rachaad white,RB,WSH,True,True,0.0,0.0,374.6,2.4,29.6,197.4,1.4,94.80,4-18,94.89,2026-09-30
Alvin Kamara,alvin kamara,RB,NO,True,True,0.0,0.0,430.1,2.6,27.6,177.5,0.7,94.36,4-18,94.33,2026-09-30
Rashid Shaheed,rashid shaheed,WR,SEA,True,True,0.0,0.0,43.8,0.3,32.9,541.8,2.9,94.21,4-18,93.95,2026-09-30
Kenneth Gainwell,kenneth gainwell,RB,TB,True,True,0.0,0.0,282.8,1.7,39.4,268.1,1.5,93.99,4-18,94.02,2026-09-30
Tyler Allgeier,tyler allgeier,RB,ARI,True,True,0.0,0.0,355.4,2.8,29.7,215.4,0.8,93.53,4-18,93.52,2026-09-30
Alec Pierce,alec pierce,WR,IND,True,True,0.0,0.0,0.0,0.0,38.1,568.1,2.9,93.26,4-18,93.45,2026-09-30
Jake Ferguson,jake ferguson,TE,DAL,True,True,0.0,0.0,0.0,0.0,49.3,409.8,4.6,93.23,4-18,92.93,2026-09-30
Rashod Bateman,rashod bateman,WR,BAL,True,True,0.0,0.0,0.0,0.0,35.0,525.4,3.8,92.84,4-18,92.57,2026-09-30
Dalton Schultz,dalton schultz,TE,HOU,True,True,0.0,0.0,0.0,0.0,55.2,531.5,2.0,92.75,4-18,92.52,2026-09-30
Roman Wilson,roman wilson,WR,PIT,True,True,0.0,0.0,0.0,0.0,44.5,545.4,2.6,92.39,4-18,92.51,2026-09-30
AJ Barner,aj barner,TE,SEA,True,True,0.0,0.0,12.8,0.4,42.3,440.4,3.9,92.27,4-18,91.88,2026-09-30
Tre Harris,tre harris,WR,LAC,True,True,0.0,0.0,0.0,0.0,45.3,585.4,1.8,91.99,4-18,91.86,2026-09-30
Romeo Doubs,romeo doubs,WR,NE,True,True,0.0,0.0,0.0,0.0,38.1,526.4,3.2,90.89,4-18,91.02,2026-09-30
Brenton Strange,brenton strange,TE,JAX,True,True,0.0,0.0,0.0,0.0,43.1,464.6,3.8,90.81,4-18,90.87,2026-09-30
Pat Freiermuth,pat freiermuth,TE,PIT,True,True,0.0,0.0,10.0,0.1,47.9,465.4,3.1,90.69,4-18,90.81,2026-09-30
Cade Otton,cade otton,TE,TB,True,True,0.0,0.0,0.0,0.0,48.2,534.4,1.8,88.34,4-18,88.27,2026-09-30
Jordyn Tyson,jordyn tyson,WR,NO,True,True,0.0,0.0,0.0,0.0,34.0,484.1,3.7,87.61,4-18,87.51,2026-09-30
Braelon Allen,braelon allen,RB,NYJ,True,True,0.0,0.0,405.1,3.6,17.7,126.1,0.6,87.17,4-18,87.41,2026-09-30
Malachi Fields,malachi fields,WR,NYG,True,True,0.0,0.0,0.0,0.0,37.2,528.1,2.5,86.41,4-18,86.25,2026-09-30
Devaughn Vele,devaughn vele,WR,NO,True,True,0.0,0.0,0.0,0.0,39.4,437.6,3.7,85.66,4-18,85.54,2026-09-30
Xavier Hutchinson,xavier hutchinson,WR,HOU,True,True,0.0,0.0,10.0,0.1,34.0,517.3,2.4,84.73,4-18,84.61,2026-09-30
Mike Gesicki,mike gesicki,TE,CIN,True,True,0.0,0.0,0.0,0.0,40.4,369.8,4.5,84.18,4-18,84.03,2026-09-30
T.J. Hockenson,tj hockenson,TE,MIN,True,True,0.0,0.0,0.0,0.0,50.7,449.3,2.3,84.08,4-18,84.30,2026-09-30
Terrance Ferguson,terrance ferguson,TE,LAR,True,True,0.0,0.0,0.0,0.0,36.0,412.4,3.9,82.64,4-18,82.44,2026-09-30
Chris Godwin,chris godwin,WR,TB,True,True,0.0,0.0,42.6,0.3,40.4,439.7,1.8,81.03,4-18,81.03,2026-09-30
Kyle Pitts,kyle pitts,TE,ATL,True,True,0.0,0.0,0.0,0.0,40.8,487.9,1.9,80.59,4-18,80.70,2026-09-30
Chris Bell,chris bell,WR,MIA,True,True,0.0,0.0,0.0,0.0,36.4,513.2,1.7,79.72,4-18,79.95,2026-09-30
Brian Robinson,brian robinson,RB,ATL,True,True,0.0,0.0,490.9,3.4,6.8,49.8,0.3,79.67,4-18,79.41,2026-09-30
Makai Lemon,makai lemon,WR,PHI,True,True,0.0,0.0,19.8,0.2,31.1,432.6,2.8,78.79,4-18,78.25,2026-09-30
Gunnar Helm,gunnar helm,TE,TEN,True,True,0.0,0.0,0.0,0.0,43.9,401.4,2.7,78.29,4-18,78.40,2026-09-30
Jayden Reed,jayden reed,WR,GB,True,True,0.0,0.0,30.5,0.2,38.2,396.2,2.3,76.77,4-18,76.98,2026-09-30
Jalen Nailor,jalen nailor,WR,LV,True,True,0.0,0.0,9.3,0.1,30.1,431.4,2.8,76.52,4-18,76.45,2026-09-30
Greg Dulcich,greg dulcich,TE,MIA,True,True,0.0,0.0,0.0,0.0,41.7,437.0,1.8,75.35,4-18,75.24,2026-09-30
Isaac TeSlaa,isaac teslaa,WR,DET,True,True,0.0,0.0,0.0,0.0,28.2,394.7,3.6,75.17,4-18,75.21,2026-09-30
Demario Douglas,demario douglas,WR,NE,True,True,0.0,0.0,18.4,0.1,32.9,426.3,2.2,74.72,4-18,74.57,2026-09-30
Najee Harris,najee harris,RB,NYG,True,True,0.0,0.0,416.5,2.6,12.6,94.9,0.2,74.24,4-18,74.34,2026-09-30
Cooper Kupp,cooper kupp,WR,SEA,True,True,0.0,0.0,0.0,0.0,32.9,411.9,2.7,73.84,4-18,74.06,2026-09-30
Ted Hurst III,ted hurst iii,WR,TB,True,True,0.0,0.0,0.0,0.0,33.1,432.2,2.3,73.57,4-18,73.72,2026-09-30
Marvin Harrison Jr.,marvin harrison jr,WR,ARI,True,True,0.0,0.0,0.0,0.0,30.0,423.2,2.7,73.52,4-18,73.37,2026-09-30
Elic Ayomanor,elic ayomanor,WR,TEN,True,True,0.0,0.0,0.0,0.0,28.7,426.0,2.7,73.15,4-18,73.00,2026-09-30
Kaelon Black,kaelon black,RB,SF,True,True,0.0,0.0,432.9,3.1,6.7,52.0,0.3,72.24,4-18,72.44,2026-09-30
Keon Coleman,keon coleman,WR,BUF,True,True,0.0,0.0,0.0,0.0,27.4,391.5,3.2,72.05,4-18,71.95,2026-09-30
Oronde Gadsden II,oronde gadsden ii,TE,LAC,True,True,0.0,0.0,0.0,0.0,35.8,371.8,2.8,71.88,4-18,71.75,2026-09-30
Raheim Sanders,raheim sanders,RB,CLE,True,True,0.0,0.0,173.0,1.1,32.7,247.0,1.0,70.95,4-18,71.29,2026-09-30
Mack Hollins,mack hollins,WR,NE,True,True,0.0,0.0,0.0,0.0,32.6,395.8,2.4,70.28,4-18,70.19,2026-09-30
Darren Waller,darren waller,TE,CAR,True,True,0.0,0.0,0.0,0.0,35.6,361.3,2.7,70.13,4-18,70.21,2026-09-30
Chris Rodriguez Jr.,chris rodriguez jr,RB,JAX,True,True,0.0,0.0,435.2,3.4,3.3,25.7,0.2,69.34,4-18,69.19,2026-09-30
Jahan Dotson,jahan dotson,WR,ATL,True,True,0.0,0.0,0.0,0.0,30.2,421.0,2.0,69.20,4-18,69.15,2026-09-30
Chig Okonkwo,chig okonkwo,TE,WSH,True,True,0.0,0.0,0.0,0.0,38.2,397.9,1.7,69.09,4-18,69.38,2026-09-30
Xavier Legette,xavier legette,WR,CAR,True,True,0.0,0.0,16.9,0.1,27.8,362.6,2.7,68.65,4-18,68.70,2026-09-30
Michael Mayer,michael mayer,TE,LV,True,True,0.0,0.0,0.0,0.0,38.1,365.8,2.0,67.63,4-18,67.78,2026-09-30
Darnell Mooney,darnell mooney,WR,NYG,True,True,0.0,0.0,20.1,0.1,27.3,414.4,1.6,67.30,4-18,67.61,2026-09-30
Keaton Mitchell,keaton mitchell,RB,LAC,True,True,0.0,0.0,328.3,1.5,16.7,116.8,0.7,66.06,4-18,66.12,2026-09-30
Justice Hill,justice hill,RB,BAL,True,True,0.0,0.0,257.2,1.7,17.1,153.5,0.8,64.62,4-18,64.97,2026-09-30
Samaje Perine,samaje perine,RB,CIN,True,True,0.0,0.0,238.7,1.8,19.9,153.3,0.7,64.15,4-18,63.72,2026-09-30
Emmett Johnson,emmett johnson,RB,KC,True,True,0.0,0.0,287.6,2.2,13.4,104.6,0.7,63.32,4-18,63.46,2026-09-30
Jameis Winston,jameis winston,QB,NYG,True,True,915.3,5.0,38.2,0.4,0.0,0.0,0.0,62.83,4-18,62.82,2026-09-30
Antonio Williams,antonio williams,WR,WSH,True,True,0.0,0.0,0.0,0.0,25.9,341.6,2.4,61.51,4-18,61.45,2026-09-30
Pat Bryant,pat bryant,WR,DEN,True,True,0.0,0.0,10.0,0.1,28.8,339.9,1.8,60.79,4-18,60.37,2026-09-30
Tyquan Thornton,tyquan thornton,WR,KC,True,True,0.0,0.0,0.0,0.0,23.2,334.9,2.6,60.69,4-18,60.52,2026-09-30
Jauan Jennings,jauan jennings,WR,MIN,True,True,0.0,0.0,0.0,0.0,29.8,316.0,2.2,59.70,4-18,59.47,2026-09-30
Kendrick Bourne,kendrick bourne,WR,ARI,True,True,0.0,0.0,0.0,0.0,33.1,335.9,1.5,59.14,4-18,59.29,2026-09-30
Evan Engram,evan engram,TE,DEN,True,True,0.0,0.0,0.0,0.0,36.8,316.8,1.1,56.68,4-18,56.80,2026-09-30
Sione Vaki,sione vaki,RB,DET,True,True,0.0,0.0,270.3,2.3,10.6,78.6,0.4,56.39,4-18,56.41,2026-09-30
Kayshon Boutte,kayshon boutte,WR,HOU,True,True,0.0,0.0,0.0,0.0,24.3,317.1,2.0,55.86,4-18,56.11,2026-09-30
AJ Dillon,aj dillon,RB,CAR,True,True,0.0,0.0,304.1,1.6,10.5,79.8,0.4,55.64,4-18,55.35,2026-09-30
Tez Johnson,tez johnson,WR,TB,True,True,0.0,0.0,28.4,0.2,21.8,294.7,1.8,55.21,4-18,55.21,2026-09-30
Tommy Tremble,tommy tremble,TE,CAR,True,True,0.0,0.0,0.0,0.0,29.1,290.9,1.8,54.44,4-18,54.59,2026-09-30
Jerry Jeudy,jerry jeudy,WR,CLE,True,True,0.0,0.0,0.0,0.0,24.1,326.2,1.6,54.27,4-18,54.48,2026-09-30
Ty Johnson,ty johnson,RB,BUF,True,True,0.0,0.0,134.3,1.2,18.4,167.9,1.2,53.82,4-18,53.83,2026-09-30
Isaiah Williams,isaiah williams,WR,NYJ,True,True,0.0,0.0,10.5,0.1,28.6,300.6,1.2,53.21,4-18,52.88,2026-09-30
Kaleb Johnson,kaleb johnson,RB,GB,True,True,0.0,0.0,276.1,1.8,10.6,68.3,0.3,52.34,4-18,52.53,2026-09-30
Josh Cameron,josh cameron,WR,JAX,True,True,0.0,0.0,0.0,0.0,20.3,287.0,2.1,51.45,4-18,51.25,2026-09-30
Darnell Washington,darnell washington,TE,PIT,True,True,0.0,0.0,0.0,0.0,26.0,258.3,1.6,48.43,4-18,48.23,2026-09-30
Austin Hooper,austin hooper,TE,ATL,True,True,0.0,0.0,0.0,0.0,25.2,234.1,2.0,48.01,4-18,47.84,2026-09-30
Jalon Daniels,jalon daniels,QB,TB,True,True,643.4,3.2,63.7,0.5,0.0,0.0,0.0,47.91,4-18,47.55,2026-09-30
Treylon Burks,treylon burks,WR,WSH,True,True,0.0,0.0,0.0,0.0,19.5,272.9,1.8,47.84,4-18,47.86,2026-09-30
Jared Wayne,jared wayne,WR,HOU,True,True,0.0,0.0,0.0,0.0,19.9,273.8,1.5,46.33,4-18,46.16,2026-09-30
Noah Fant,noah fant,TE,NO,True,True,0.0,0.0,0.0,0.0,24.4,235.2,1.6,45.32,4-18,45.60,2026-09-30
Colby Parkinson,colby parkinson,TE,LAR,True,True,0.0,0.0,0.0,0.0,20.7,203.0,2.4,45.05,4-18,45.13,2026-09-30
Mike Washington Jr.,mike washington jr,RB,LV,True,True,0.0,0.0,275.3,1.8,3.4,25.3,0.1,43.16,4-18,43.47,2026-09-30
Mason Taylor,mason taylor,TE,NYJ,True,True,0.0,0.0,0.0,0.0,25.3,217.9,1.3,42.24,4-18,42.01,2026-09-30
Olamide Zaccheaus,olamide zaccheaus,WR,ATL,True,True,0.0,0.0,0.0,0.0,21.9,237.9,1.1,41.34,4-18,41.25,2026-09-30
Cody White,cody white,WR,LV,True,True,0.0,0.0,0.0,0.0,18.9,239.5,1.3,41.20,4-18,41.03,2026-09-30
Marcus Mariota,marcus mariota,QB,WSH,True,True,473.5,3.2,66.7,0.4,0.0,0.0,0.0,40.81,4-18,40.86,2026-09-30
Will Shipley,will shipley,RB,PHI,True,True,0.0,0.0,95.0,0.6,18.9,139.9,0.6,40.14,4-18,40.41,2026-09-30
Tank Bigsby,tank bigsby,RB,PHI,True,True,0.0,0.0,209.3,1.7,6.1,47.2,0.2,40.10,4-18,40.41,2026-09-30
Kyle Williams,kyle williams,WR,NE,True,True,0.0,0.0,18.9,0.1,15.1,228.3,1.0,38.87,4-18,39.19,2026-09-30
Dawson Knox,dawson knox,TE,BUF,True,True,0.0,0.0,0.0,0.0,16.9,174.6,2.1,38.51,4-18,38.41,2026-09-30
Drew Sample,drew sample,TE,CIN,True,True,0.0,0.0,0.0,0.0,22.4,186.9,1.4,38.29,4-18,38.07,2026-09-30
Jaylin Noel,jaylin noel,WR,HOU,True,True,0.0,0.0,38.8,0.2,16.6,194.2,0.9,38.20,4-18,38.52,2026-09-30
Andrei Iosivas,andrei iosivas,WR,CIN,True,True,0.0,0.0,7.0,0.1,16.3,172.5,1.8,37.50,4-18,37.28,2026-09-30
Chris Brooks,chris brooks,RB,GB,True,True,0.0,0.0,139.6,0.8,13.2,86.3,0.4,36.39,4-18,36.60,2026-09-30
Troy Franklin,troy franklin,WR,DEN,True,True,0.0,0.0,9.3,0.1,13.4,191.4,1.5,36.37,4-18,35.84,2026-09-30
Jonnu Smith,jonnu smith,TE,GB,True,True,0.0,0.0,3.9,0.1,19.2,164.9,1.2,34.28,4-18,34.28,2026-09-30
Noah Gray,noah gray,TE,KC,True,True,0.0,0.0,0.0,0.0,17.8,181.3,1.2,34.23,4-18,34.44,2026-09-30
Kevin Coleman Jr.,kevin coleman jr,WR,MIA,True,True,0.0,0.0,0.0,0.0,16.5,223.4,0.5,33.59,4-18,33.55,2026-09-30
Foster Moreau,foster moreau,TE,HOU,True,True,0.0,0.0,0.0,0.0,16.4,149.3,1.6,32.73,4-18,32.45,2026-09-30
Jacob Cowing,jacob cowing,WR,SF,True,True,0.0,0.0,0.0,0.0,13.0,192.3,1.1,32.33,4-18,32.61,2026-09-30
Seth McGowan,seth mcgowan,RB,IND,True,True,0.0,0.0,184.5,1.5,3.5,24.4,0.1,32.24,4-18,32.63,2026-09-30
Kendre Miller,kendre miller,RB,NO,True,True,0.0,0.0,109.4,0.7,11.6,87.8,0.4,32.12,4-18,32.14,2026-09-30
Theo Johnson,theo johnson,TE,NYG,True,True,0.0,0.0,0.0,0.0,14.8,190.3,0.9,31.83,4-18,31.86,2026-09-30
Marvin Mims Jr.,marvin mims jr,WR,DEN,True,True,0.0,0.0,25.9,0.2,12.6,152.5,1.0,31.34,4-18,31.34,2026-09-30
Dohnte Meyers,dohnte meyers,WR,CIN,True,True,0.0,0.0,10.8,0.1,13.0,154.3,1.2,30.81,4-18,30.85,2026-09-30
Charlie Kolar,charlie kolar,TE,LAC,True,True,0.0,0.0,0.0,0.0,16.9,156.7,0.9,29.52,4-18,29.47,2026-09-30
Cole Kmet,cole kmet,TE,CHI,True,True,0.0,0.0,0.0,0.0,15.7,149.6,1.1,29.41,4-18,29.35,2026-09-30
Zachariah Branch,zachariah branch,WR,ATL,True,True,0.0,0.0,0.0,0.0,13.2,172.4,0.9,29.24,4-18,29.22,2026-09-30
Kyle Juszczyk,kyle juszczyk,RB,SF,True,True,0.0,0.0,14.6,0.1,16.0,130.2,1.0,29.08,4-18,29.02,2026-09-30
Kimani Vidal,kimani vidal,RB,LAC,True,True,0.0,0.0,28.2,0.2,15.4,131.9,0.6,28.51,4-18,28.44,2026-09-30
Jeremy Ruckert,jeremy ruckert,TE,NYJ,True,True,0.0,0.0,0.0,0.0,17.5,134.8,1.0,28.23,4-18,28.01,2026-09-30
Calvin Ridley,calvin ridley,WR,TEN,True,True,0.0,0.0,0.0,0.0,11.6,168.8,0.9,28.08,4-18,28.31,2026-09-30
Blake Whiteheart,blake whiteheart,TE,CLE,True,True,0.0,0.0,0.0,0.0,14.3,139.7,1.0,27.12,4-18,27.01,2026-09-30
Josh Oliver,josh oliver,TE,MIN,True,True,0.0,0.0,0.0,0.0,14.6,136.0,1.0,26.90,4-18,26.80,2026-09-30
MarShawn Lloyd,marshawn lloyd,RB,GB,True,True,0.0,0.0,138.9,1.1,4.4,27.3,0.2,26.62,4-18,26.34,2026-09-30
Bryce Lance,bryce lance,WR,NO,True,True,0.0,0.0,0.0,0.0,11.3,149.3,1.0,26.58,4-18,26.53,2026-09-30
Daniel Bellinger,daniel bellinger,TE,TEN,True,True,0.0,0.0,0.0,0.0,16.2,153.8,0.5,26.48,4-18,26.39,2026-09-30
KaVontae Turpin,kavontae turpin,WR,DAL,True,True,0.0,0.0,85.2,0.6,6.1,76.2,0.6,26.39,4-18,26.73,2026-09-30
Emanuel Wilson,emanuel wilson,RB,SEA,True,True,0.0,0.0,152.6,1.3,2.0,15.4,0.1,26.20,4-18,26.07,2026-09-30
Skyy Moore,skyy moore,WR,GB,True,True,0.0,0.0,0.0,0.0,11.9,141.1,1.0,26.06,4-18,25.88,2026-09-30
Konata Mumpfield,konata mumpfield,WR,LAR,True,True,0.0,0.0,0.0,0.0,10.6,143.6,1.0,25.66,4-18,25.55,2026-09-30
Dyami Brown,dyami brown,WR,WSH,True,True,0.0,0.0,0.0,0.0,10.2,133.6,1.1,25.06,4-18,25.04,2026-09-30
Malik Benson,malik benson,WR,LV,True,True,0.0,0.0,9.4,0.1,10.5,138.3,0.7,24.82,4-18,24.72,2026-09-30
Jalen Royals,jalen royals,WR,KC,True,True,0.0,0.0,0.0,0.0,10.8,128.1,1.1,24.81,4-18,24.83,2026-09-30
Devontez Walker,devontez walker,WR,BAL,True,True,0.0,0.0,0.0,0.0,9.1,142.4,1.0,24.79,4-18,24.57,2026-09-30
Mitchell Evans,mitchell evans,TE,CAR,True,True,0.0,0.0,0.0,0.0,12.8,123.6,1.0,24.76,4-18,25.07,2026-09-30
Tory Horton,tory horton,WR,SEA,True,True,0.0,0.0,0.0,0.0,10.3,138.2,0.9,24.37,4-18,24.55,2026-09-30
Adam Trautman,adam trautman,TE,DEN,True,True,0.0,0.0,0.0,0.0,12.3,120.4,1.0,24.19,4-18,24.42,2026-09-30
Eli Raridon,eli raridon,TE,NE,True,True,0.0,0.0,0.0,0.0,12.4,121.3,0.9,23.73,4-18,23.71,2026-09-30
LaJohntay Wester,lajohntay wester,WR,BAL,True,True,0.0,0.0,0.0,0.0,9.4,134.4,0.8,22.94,4-18,23.01,2026-09-30
Laquon Treadwell,laquon treadwell,WR,IND,True,True,0.0,0.0,0.0,0.0,11.7,139.3,0.5,22.78,4-18,22.92,2026-09-30
Jordan Whittington,jordan whittington,WR,LAR,True,True,0.0,0.0,18.9,0.2,9.6,104.4,0.7,22.53,4-18,22.32,2026-09-30
Johnny Mundt,johnny mundt,TE,PHI,True,True,0.0,0.0,0.0,0.0,11.8,120.3,0.7,22.13,4-18,22.29,2026-09-30
LeQuint Allen Jr.,lequint allen jr,RB,JAX,True,True,0.0,0.0,15.8,0.1,13.0,97.6,0.6,22.04,4-18,22.17,2026-09-30
Tyler Badie,tyler badie,RB,DEN,True,True,0.0,0.0,45.5,0.3,10.2,80.0,0.4,21.85,4-18,21.61,2026-09-30
Brenen Thompson,brenen thompson,WR,LAC,True,True,0.0,0.0,0.0,0.0,10.2,126.0,0.5,20.70,4-18,20.60,2026-09-30
Tyler Higbee,tyler higbee,TE,LAR,True,True,0.0,0.0,0.0,0.0,11.7,105.7,0.7,20.62,4-18,20.78,2026-09-30
Erick All,erick all,TE,CIN,True,True,0.0,0.0,0.0,0.0,10.7,91.5,0.8,19.30,4-18,19.20,2026-09-30
Davis Allen,davis allen,TE,LAR,True,True,0.0,0.0,0.0,0.0,10.2,94.0,0.8,19.30,4-18,19.43,2026-09-30
Brock Wright,brock wright,TE,DET,True,True,0.0,0.0,0.0,0.0,10.2,89.7,0.8,18.87,4-18,18.80,2026-09-30
Nate Boerkircher,nate boerkircher,TE,JAX,True,True,0.0,0.0,0.0,0.0,9.1,95.0,0.8,18.85,4-18,19.05,2026-09-30
Germie Bernard,germie bernard,WR,PIT,True,True,0.0,0.0,0.0,0.0,8.6,98.7,0.7,18.37,4-18,18.13,2026-09-30
Nate Adkins,nate adkins,TE,DEN,True,True,0.0,0.0,0.0,0.0,9.8,85.7,0.8,18.27,4-18,18.55,2026-09-30
Luke Farrell,luke farrell,TE,SF,True,True,0.0,0.0,0.0,0.0,9.3,93.2,0.7,18.17,4-18,18.11,2026-09-30
Brycen Tremayne,brycen tremayne,WR,CAR,True,True,0.0,0.0,0.0,0.0,8.5,102.5,0.6,18.10,4-18,17.96,2026-09-30
Tyson Bagent,tyson bagent,QB,CHI,True,True,237.3,1.4,17.5,0.2,0.0,0.0,0.0,18.04,4-18,18.25,2026-09-30
Elijah Higgins,elijah higgins,TE,ARI,True,True,0.0,0.0,0.0,0.0,10.4,93.9,0.5,17.59,4-18,17.82,2026-09-30
Elijah Arroyo,elijah arroyo,TE,SEA,True,True,0.0,0.0,0.0,0.0,8.4,89.6,0.7,17.36,4-18,17.13,2026-09-30
John Bates,john bates,TE,WSH,True,True,0.0,0.0,0.0,0.0,8.6,82.4,0.8,17.34,4-18,17.08,2026-09-30
Sam Roush,sam roush,TE,CHI,True,True,0.0,0.0,0.0,0.0,9.0,91.9,0.6,17.29,4-18,17.53,2026-09-30
Dareke Young,dareke young,WR,LV,True,True,0.0,0.0,0.0,0.0,8.2,101.4,0.5,17.24,4-18,17.53,2026-09-30
Ray Davis,ray davis,RB,BUF,True,True,0.0,0.0,82.5,0.6,3.2,23.9,0.2,17.04,4-18,17.51,2026-09-30
Derius Davis,derius davis,WR,LAC,True,True,0.0,0.0,9.0,0.0,8.2,91.3,0.4,16.53,4-18,17.08,2026-09-30
Ameer Abdullah,ameer abdullah,RB,JAX,True,True,0.0,0.0,49.0,0.3,6.9,44.9,0.3,16.44,4-18,16.58,2026-09-30
Brevyn Spann-Ford,brevyn spannford,TE,DAL,True,True,0.0,0.0,0.0,0.0,8.3,78.8,0.7,16.23,4-18,16.16,2026-09-30
Durham Smythe,durham smythe,TE,BAL,True,True,0.0,0.0,0.0,0.0,7.8,77.1,0.7,15.81,4-18,15.56,2026-09-30
Ryan Miller,ryan miller,WR,MIA,True,True,0.0,0.0,0.0,0.0,7.3,95.9,0.3,15.04,4-18,15.05,2026-09-30
Will Kacmarek,will kacmarek,TE,MIA,True,True,0.0,0.0,0.0,0.0,8.4,85.2,0.3,14.52,4-18,14.72,2026-09-30
Alec Ingold,alec ingold,RB,LAC,True,True,0.0,0.0,7.2,0.0,9.8,70.9,0.3,14.51,4-18,14.83,2026-09-30
Ashton Dulin,ashton dulin,WR,IND,True,True,0.0,0.0,21.5,0.2,4.8,63.7,0.2,13.32,4-18,13.39,2026-09-30
Savion Williams,savion williams,WR,GB,True,True,0.0,0.0,0.0,0.0,6.8,67.2,0.5,13.12,4-18,13.33,2026-09-30
Quintin Morris,quintin morris,TE,JAX,True,True,0.0,0.0,0.0,0.0,5.8,60.0,0.7,13.10,4-18,12.82,2026-09-30
Chimere Dike,chimere dike,WR,TEN,True,True,0.0,0.0,17.7,0.1,5.5,59.0,0.3,12.82,4-18,13.05,2026-09-30
Hunter Luepke,hunter luepke,RB,DAL,True,True,0.0,0.0,44.0,0.4,3.7,26.6,0.2,12.51,4-18,12.20,2026-09-30
George Holani,george holani,RB,SEA,True,True,0.0,0.0,41.1,0.4,4.0,32.0,0.1,12.31,4-18,12.54,2026-09-30
Darius Cooper,darius cooper,WR,PHI,True,True,0.0,0.0,0.0,0.0,5.6,68.2,0.4,12.02,4-18,12.20,2026-09-30
Hunter Long,hunter long,TE,ARI,True,True,0.0,0.0,0.0,0.0,6.5,59.5,0.4,11.60,4-18,11.66,2026-09-30
Ben Skowronek,ben skowronek,WR,PIT,True,True,0.0,0.0,0.0,0.0,6.1,60.5,0.4,11.50,4-18,11.71,2026-09-30
Eric Saubert,eric saubert,TE,SEA,True,True,0.0,0.0,0.0,0.0,5.7,55.0,0.5,11.35,4-18,11.15,2026-09-30
Andrew Ogletree,andrew ogletree,TE,IND,True,True,0.0,0.0,0.0,0.0,5.7,59.1,0.4,11.16,4-18,11.09,2026-09-30
John Metchie III,john metchie iii,WR,CAR,True,True,0.0,0.0,0.0,0.0,5.6,58.9,0.4,11.09,4-18,11.27,2026-09-30
Chris Blair,chris blair,WR,ATL,True,True,0.0,0.0,0.0,0.0,5.1,63.1,0.3,10.66,4-18,10.48,2026-09-30
Nicholas Singleton,nicholas singleton,RB,TEN,True,True,0.0,0.0,76.0,0.5,0.0,0.0,0.0,10.60,4-18,10.46,2026-09-30
Tai Felton,tai felton,WR,MIN,True,True,0.0,0.0,0.0,0.0,5.1,58.0,0.3,10.15,4-18,10.42,2026-09-30
Braxton Berrios,braxton berrios,WR,NYG,True,True,0.0,0.0,0.0,0.0,4.9,61.6,0.2,9.81,4-18,10.10,2026-09-30
Luke Schoonmaker,luke schoonmaker,TE,DAL,True,True,0.0,0.0,0.0,0.0,4.9,45.5,0.4,9.40,4-18,9.32,2026-09-30
Travis Hunter,travis hunter,WR,JAX,True,True,0.0,0.0,19.9,0.1,2.7,33.1,0.3,9.05,4-18,9.01,2026-09-30
Isaiah Davis,isaiah davis,RB,NYJ,True,True,0.0,0.0,36.2,0.3,2.0,16.0,0.1,8.62,4-18,8.30,2026-09-30
Tyrone Tracy Jr.,tyrone tracy jr,RB,NYG,True,True,0.0,0.0,31.6,0.1,3.1,24.3,0.1,8.34,4-18,8.56,2026-09-30
Colbie Young,colbie young,WR,CIN,True,True,0.0,0.0,0.0,0.0,3.7,44.8,0.3,8.13,4-18,8.32,2026-09-30
Jaleel McLaughlin,jaleel mclaughlin,RB,CLE,True,True,0.0,0.0,31.2,0.1,3.3,20.3,0.1,8.00,4-18,8.19,2026-09-30
Sean Tucker,sean tucker,RB,TB,True,True,0.0,0.0,47.7,0.4,0.0,0.0,0.0,7.17,4-18,7.22,2026-09-30
Oscar Delp,oscar delp,TE,NO,True,True,0.0,0.0,0.0,0.0,3.2,31.9,0.3,6.59,4-18,6.38,2026-09-30
Xavier Smith,xavier smith,WR,LAR,True,True,0.0,0.0,0.0,0.0,3.0,35.0,0.2,6.20,4-18,6.45,2026-09-30
Jackson Hawes,jackson hawes,TE,BUF,True,True,0.0,0.0,0.0,0.0,2.8,28.1,0.3,6.01,4-18,5.73,2026-09-30
Mo Alie-Cox,mo aliecox,TE,IND,True,True,0.0,0.0,0.0,0.0,2.9,31.7,0.2,5.82,4-18,5.93,2026-09-30
Jonathan Mingo,jonathan mingo,WR,DAL,True,True,0.0,0.0,0.0,0.0,2.4,33.8,0.2,5.78,4-18,5.91,2026-09-30
Ian Thomas,ian thomas,TE,LV,True,True,0.0,0.0,0.0,0.0,3.1,29.9,0.2,5.74,4-18,5.85,2026-09-30
Jaylin Lane,jaylin lane,WR,WSH,True,True,0.0,0.0,0.0,0.0,2.5,30.7,0.2,5.52,4-18,5.48,2026-09-30
Ben Sinnott,ben sinnott,TE,WSH,True,True,0.0,0.0,0.0,0.0,3.0,27.7,0.2,5.47,4-18,5.60,2026-09-30
Josh Cuevas,josh cuevas,TE,BAL,True,True,0.0,0.0,0.0,0.0,2.7,29.0,0.2,5.45,4-18,5.64,2026-09-30
Charlie Woerner,charlie woerner,TE,ATL,True,True,0.0,0.0,0.0,0.0,2.9,26.4,0.2,5.29,4-18,5.03,2026-09-30
Payne Durham,payne durham,TE,TB,True,True,0.0,0.0,0.0,0.0,2.8,26.4,0.2,5.24,4-18,5.19,2026-09-30
Brashard Smith,brashard smith,RB,KC,True,False,0.0,0.0,0.0,0.0,3.2,23.7,0.2,5.17,4-18,5.04,2026-09-30
Efton Chism III,efton chism iii,WR,NE,True,True,0.0,0.0,0.0,0.0,2.3,28.0,0.2,5.15,4-18,4.91,2026-09-30
Adam Prentice,adam prentice,RB,DEN,True,False,0.0,0.0,0.0,0.0,3.4,24.5,0.1,4.75,4-18,4.81,2026-09-30
Reggie Gilliam,reggie gilliam,RB,NE,True,False,0.0,0.0,0.0,0.0,3.2,23.1,0.1,4.51,4-18,4.51,2026-09-30
DeeJay Dallas,deejay dallas,RB,MIN,True,True,0.0,0.0,16.2,0.1,1.4,9.7,0.1,4.49,4-18,4.34,2026-09-30
Patrick Ricard,patrick ricard,RB,NYG,True,False,0.0,0.0,0.0,0.0,3.0,23.1,0.1,4.41,4-18,4.43,2026-09-30
Michael Burton,michael burton,RB,CLE,True,False,0.0,0.0,0.0,0.0,3.2,22.0,0.1,4.40,4-18,4.60,2026-09-30
Demond Claiborne,demond claiborne,RB,MIN,True,True,0.0,0.0,25.3,0.2,0.5,3.4,0.0,4.32,4-18,4.48,2026-09-30
Travis Homer,travis homer,RB,PIT,True,True,0.0,0.0,15.0,0.1,0.7,4.8,0.0,2.93,4-18,2.92,2026-09-30
Zavion Thomas,zavion thomas,WR,CHI,True,True,0.0,0.0,0.0,0.0,1.3,16.5,0.1,2.90,4-18,3.01,2026-09-30
Marlin Klein,marlin klein,TE,HOU,True,True,0.0,0.0,0.0,0.0,1.6,14.8,0.1,2.88,4-18,2.85,2026-09-30
Tylan Wallace,tylan wallace,WR,CLE,True,True,0.0,0.0,0.0,0.0,1.4,15.3,0.1,2.83,4-18,2.86,2026-09-30
Jahdae Walker,jahdae walker,WR,CHI,True,True,0.0,0.0,0.0,0.0,1.3,15.2,0.1,2.77,4-18,2.88,2026-09-30
Cade Stover,cade stover,TE,HOU,True,True,0.0,0.0,0.0,0.0,1.6,13.5,0.1,2.75,4-18,2.63,2026-09-30
Isaiah Bond,isaiah bond,WR,CLE,True,True,0.0,0.0,0.0,0.0,1.2,15.1,0.1,2.71,4-18,2.70,2026-09-30
Barion Brown,barion brown,WR,NO,True,False,0.0,0.0,19.5,0.1,0.0,0.0,0.0,2.55,4-18,2.80,2026-09-30
British Brooks,british brooks,RB,HOU,True,True,0.0,0.0,15.1,0.1,0.0,0.0,0.0,2.11,4-18,2.02,2026-09-30
Ke'Shawn Williams,keshawn williams,WR,,True,True,0.0,0.0,0.0,0.0,0.5,5.2,0.0,0.77,4-18,0.96,2026-09-30
Eli Heidenreich,eli heidenreich,RB,PIT,True,True,0.0,0.0,7.0,0.0,0.0,0.0,0.0,0.70,4-18,0.90,2026-09-30
Tanner McKee,tanner mckee,QB,PHI,True,False,0.0,0.0,0.0,0.0,0.0,0.0,0.0,0.00,4-18,0.00,2026-09-30
Cade Klubnik,cade klubnik,QB,NYJ,True,False,0.0,0.0,0.0,0.0,0.0,0.0,0.0,0.00,4-18,0.00,2026-09-30
Jarrett Stidham,jarrett stidham,QB,DEN,True,False,0.0,0.0,0.0,0.0,0.0,0.0,0.0,0.00,4-18,0.00,2026-09-30
Brady Cook,brady cook,QB,MIA,True,False,0.0,0.0,0.0,0.0,0.0,0.0,0.0,0.00,4-18,0.00,2026-09-30
Ty Simpson,ty simpson,QB,LAR,True,False,0.0,0.0,0.0,0.0,0.0,0.0,0.0,0.00,4-18,0.00,2026-09-30
Stetson Bennett,stetson bennett,QB,LAR,True,False,0.0,0.0,0.0,0.0,0.0,0.0,0.0,0.00,4-18,0.00,2026-09-30
Andy Dalton,andy dalton,QB,PHI,True,False,0.0,0.0,0.0,0.0,0.0,0.0,0.0,0.00,4-18,0.00,2026-09-30
Riley Leonard,riley leonard,QB,IND,True,False,0.0,0.0,0.0,0.0,0.0,0.0,0.0,0.00,4-18,0.00,2026-09-30
Tyrod Taylor,tyrod taylor,QB,GB,True,False,0.0,0.0,0.0,0.0,0.0,0.0,0.0,0.00,4-18,0.00,2026-09-30
Gardner Minshew,gardner minshew,QB,ARI,True,False,0.0,0.0,0.0,0.0,0.0,0.0,0.0,0.00,4-18,0.00,2026-09-30
Will Howard,will howard,QB,PIT,True,False,0.0,0.0,0.0,0.0,0.0,0.0,0.0,0.00,4-18,0.00,2026-09-30
Kyle McCord,kyle mccord,QB,MIA,True,False,0.0,0.0,0.0,0.0,0.0,0.0,0.0,0.00,4-18,0.00,2026-09-30
Mac Jones,mac jones,QB,SF,True,False,0.0,0.0,0.0,0.0,0.0,0.0,0.0,0.00,4-18,0.00,2026-09-30
Tua Tagovailoa,tua tagovailoa,QB,ATL,True,False,0.0,0.0,0.0,0.0,0.0,0.0,0.0,0.00,4-18,0.00,2026-09-30
Nick Mullens,nick mullens,QB,JAX,True,False,0.0,0.0,0.0,0.0,0.0,0.0,0.0,0.00,4-18,0.00,2026-09-30
Kyle Allen,kyle allen,QB,BUF,True,False,0.0,0.0,0.0,0.0,0.0,0.0,0.0,0.00,4-18,0.00,2026-09-30
Drew Allar,drew allar,QB,PIT,True,False,0.0,0.0,0.0,0.0,0.0,0.0,0.0,0.00,4-18,0.00,2026-09-30
Drew Lock,drew lock,QB,SEA,True,False,0.0,0.0,0.0,0.0,0.0,0.0,0.0,0.00,4-18,0.00,2026-09-30
Joe Milton III,joe milton iii,QB,,True,False,0.0,0.0,0.0,0.0,0.0,0.0,0.0,0.00,4-18,0.00,2026-09-30
Mitchell Trubisky,mitchell trubisky,QB,TEN,True,False,0.0,0.0,0.0,0.0,0.0,0.0,0.0,0.00,4-18,0.00,2026-09-30
Spencer Rattler,spencer rattler,QB,NO,True,False,0.0,0.0,0.0,0.0,0.0,0.0,0.0,0.00,4-18,0.00,2026-09-30
Trey Lance,trey lance,QB,LAC,True,False,0.0,0.0,0.0,0.0,0.0,0.0,0.0,0.00,4-18,0.00,2026-09-30
Justin Fields,justin fields,QB,KC,True,False,0.0,0.0,0.0,0.0,0.0,0.0,0.0,0.00,4-18,0.00,2026-09-30
Aidan O'Connell,aidan oconnell,QB,LV,True,False,0.0,0.0,0.0,0.0,0.0,0.0,0.0,0.00,4-18,0.00,2026-09-30
Shedeur Sanders,shedeur sanders,QB,CLE,True,False,0.0,0.0,0.0,0.0,0.0,0.0,0.0,0.00,4-18,0.00,2026-09-30
Cooper Rush,cooper rush,QB,ATL,True,False,0.0,0.0,0.0,0.0,0.0,0.0,0.0,0.00,4-18,0.00,2026-09-30
Carson Beck,carson beck,QB,ARI,True,False,0.0,0.0,0.0,0.0,0.0,0.0,0.0,0.00,4-18,0.00,2026-09-30
Tommy DeVito,tommy devito,QB,NE,True,False,0.0,0.0,0.0,0.0,0.0,0.0,0.0,0.00,4-18,0.00,2026-09-30
Joe Flacco,joe flacco,QB,CIN,True,False,0.0,0.0,0.0,0.0,0.0,0.0,0.0,0.00,4-18,0.00,2026-09-30
Davis Mills,davis mills,QB,HOU,True,False,0.0,0.0,0.0,0.0,0.0,0.0,0.0,0.00,4-18,0.00,2026-09-30
Sam Howell,sam howell,QB,DAL,True,False,0.0,0.0,0.0,0.0,0.0,0.0,0.0,0.00,4-18,0.00,2026-09-30
Tyler Huntley,tyler huntley,QB,BAL,True,False,0.0,0.0,0.0,0.0,0.0,0.0,0.0,0.00,4-18,0.00,2026-09-30
Josh Johnson,josh johnson,QB,CIN,True,False,0.0,0.0,0.0,0.0,0.0,0.0,0.0,0.00,4-18,0.00,2026-09-30
Jaxson Dart,jaxson dart,QB,NYG,True,False,0.0,0.0,0.0,0.0,0.0,0.0,0.0,0.00,4-18,0.00,2026-09-30
Mason Rudolph,mason rudolph,QB,PIT,True,False,0.0,0.0,0.0,0.0,0.0,0.0,0.0,0.00,4-18,0.00,2026-09-30
Joshua Dobbs,joshua dobbs,QB,DET,True,False,0.0,0.0,0.0,0.0,0.0,0.0,0.0,0.00,4-18,0.00,2026-09-30
Anthony Richardson,anthony richardson,QB,IND,True,False,0.0,0.0,0.0,0.0,0.0,0.0,0.0,0.00,4-18,0.00,2026-09-30
Kenny Pickett,kenny pickett,QB,CAR,True,False,0.0,0.0,0.0,0.0,0.0,0.0,0.0,0.00,4-18,0.00,2026-09-30
Quinn Ewers,quinn ewers,QB,JAX,True,False,0.0,0.0,0.0,0.0,0.0,0.0,0.0,0.00,4-18,0.00,2026-09-30
Trey Benson,trey benson,RB,ARI,True,False,0.0,0.0,0.0,0.0,0.0,0.0,0.0,0.00,4-18,0.00,2026-09-30
Tahj Brooks,tahj brooks,RB,CIN,True,False,0.0,0.0,0.0,0.0,0.0,0.0,0.0,0.00,4-18,0.00,2026-09-30
Kaytron Allen,kaytron allen,RB,WSH,True,False,0.0,0.0,0.0,0.0,0.0,0.0,0.0,0.00,4-18,0.00,2026-09-30
Zavier Scott,zavier scott,RB,,True,False,0.0,0.0,0.0,0.0,0.0,0.0,0.0,0.00,4-18,0.00,2026-09-30
Jordan James,jordan james,RB,SF,True,False,0.0,0.0,0.0,0.0,0.0,0.0,0.0,0.00,4-18,0.00,2026-09-30
Trevor Etienne,trevor etienne,RB,CAR,True,False,0.0,0.0,0.0,0.0,0.0,0.0,0.0,0.00,4-18,0.00,2026-09-30
Corey Kiner,corey kiner,RB,NE,True,False,0.0,0.0,0.0,0.0,0.0,0.0,0.0,0.00,4-18,0.00,2026-09-30
Adam Randall,adam randall,RB,BAL,True,False,0.0,0.0,0.0,0.0,0.0,0.0,0.0,0.00,4-18,0.00,2026-09-30
James Conner,james conner,RB,ARI,True,False,0.0,0.0,0.0,0.0,0.0,0.0,0.0,0.00,4-18,0.00,2026-09-30
Andrew Beck,andrew beck,RB,NYJ,True,False,0.0,0.0,0.0,0.0,0.0,0.0,0.0,0.00,4-18,0.00,2026-09-30
Bam Knight,bam knight,RB,ARI,True,False,0.0,0.0,0.0,0.0,0.0,0.0,0.0,0.00,4-18,0.00,2026-09-30
Frank Gore Jr.,frank gore jr,RB,BUF,True,False,0.0,0.0,0.0,0.0,0.0,0.0,0.0,0.00,4-18,0.00,2026-09-30
Chris Collier,chris collier,RB,LV,True,False,0.0,0.0,0.0,0.0,0.0,0.0,0.0,0.00,4-18,0.00,2026-09-30
Isaac Guerendo,isaac guerendo,RB,SF,True,False,0.0,0.0,0.0,0.0,0.0,0.0,0.0,0.00,4-18,0.00,2026-09-30
Devin Singletary,devin singletary,RB,NYG,True,False,0.0,0.0,0.0,0.0,0.0,0.0,0.0,0.00,4-18,0.00,2026-09-30
Rasheen Ali,rasheen ali,RB,BAL,True,False,0.0,0.0,0.0,0.0,0.0,0.0,0.0,0.00,4-18,0.00,2026-09-30
Emari Demercado,emari demercado,RB,DAL,True,False,0.0,0.0,0.0,0.0,0.0,0.0,0.0,0.00,4-18,0.00,2026-09-30
Max Bredeson,max bredeson,RB,MIN,True,False,0.0,0.0,0.0,0.0,0.0,0.0,0.0,0.00,4-18,0.00,2026-09-30
Jonah Coleman,jonah coleman,RB,DEN,True,False,0.0,0.0,0.0,0.0,0.0,0.0,0.0,0.00,4-18,0.00,2026-09-30
Jonathon Brooks,jonathon brooks,RB,CAR,True,False,0.0,0.0,0.0,0.0,0.0,0.0,0.0,0.00,4-18,0.00,2026-09-30
DJ Giddens,dj giddens,RB,IND,True,False,0.0,0.0,0.0,0.0,0.0,0.0,0.0,0.00,4-18,0.00,2026-09-30
Dylan Sampson,dylan sampson,RB,CLE,True,False,0.0,0.0,0.0,0.0,0.0,0.0,0.0,0.00,4-18,0.00,2026-09-30
Dylan Laube,dylan laube,RB,LV,True,False,0.0,0.0,0.0,0.0,0.0,0.0,0.0,0.00,4-18,0.00,2026-09-30
Jacob Saylors,jacob saylors,RB,DET,True,False,0.0,0.0,0.0,0.0,0.0,0.0,0.0,0.00,4-18,0.00,2026-09-30
Kene Nwangwu,kene nwangwu,RB,NYJ,True,False,0.0,0.0,0.0,0.0,0.0,0.0,0.0,0.00,4-18,0.00,2026-09-30
Julius Chestnut,julius chestnut,RB,TEN,True,False,0.0,0.0,0.0,0.0,0.0,0.0,0.0,0.00,4-18,0.00,2026-09-30
Malik Davis,malik davis,RB,DAL,True,False,0.0,0.0,0.0,0.0,0.0,0.0,0.0,0.00,4-18,0.00,2026-09-30
De'Von Achane,devon achane,RB,MIA,True,False,0.0,0.0,0.0,0.0,0.0,0.0,0.0,0.00,4-18,0.00,2026-09-30
Riley Nowakowski,riley nowakowski,RB,PIT,True,False,0.0,0.0,0.0,0.0,0.0,0.0,0.0,0.00,4-18,0.00,2026-09-30
Isiah Pacheco,isiah pacheco,RB,DET,True,False,0.0,0.0,0.0,0.0,0.0,0.0,0.0,0.00,4-18,0.00,2026-09-30
Skyler Bell,skyler bell,WR,BUF,True,False,0.0,0.0,0.0,0.0,0.0,0.0,0.0,0.00,4-18,0.00,2026-09-30
Tank Dell,tank dell,WR,HOU,True,False,0.0,0.0,0.0,0.0,0.0,0.0,0.0,0.00,4-18,0.00,2026-09-30
Nick Westbrook-Ikhine,nick westbrookikhine,WR,IND,True,False,0.0,0.0,0.0,0.0,0.0,0.0,0.0,0.00,4-18,0.00,2026-09-30
Tay Martin,tay martin,WR,DET,True,False,0.0,0.0,0.0,0.0,0.0,0.0,0.0,0.00,4-18,0.00,2026-09-30
Demarcus Robinson,demarcus robinson,WR,SF,True,False,0.0,0.0,0.0,0.0,0.0,0.0,0.0,0.00,4-18,0.00,2026-09-30
Anthony Gould,anthony gould,WR,IND,True,False,0.0,0.0,0.0,0.0,0.0,0.0,0.0,0.00,4-18,0.00,2026-09-30
Jalen Tolbert,jalen tolbert,WR,MIA,True,False,0.0,0.0,0.0,0.0,0.0,0.0,0.0,0.00,4-18,0.00,2026-09-30
Marquise Brown,marquise brown,WR,PHI,True,False,0.0,0.0,0.0,0.0,0.0,0.0,0.0,0.00,4-18,0.00,2026-09-30
Calvin Austin III,calvin austin iii,WR,NYG,True,False,0.0,0.0,0.0,0.0,0.0,0.0,0.0,0.00,4-18,0.00,2026-09-30
Kameron Johnson,kameron johnson,WR,TB,True,False,0.0,0.0,0.0,0.0,0.0,0.0,0.0,0.00,4-18,0.00,2026-09-30
Jimmy Horn Jr.,jimmy horn jr,WR,,True,False,0.0,0.0,0.0,0.0,0.0,0.0,0.0,0.00,4-18,0.00,2026-09-30
Tyrell Shavers,tyrell shavers,WR,BUF,True,False,0.0,0.0,0.0,0.0,0.0,0.0,0.0,0.00,4-18,0.00,2026-09-30
Kaden Wetjen,kaden wetjen,WR,PIT,True,False,0.0,0.0,0.0,0.0,0.0,0.0,0.0,0.00,4-18,0.00,2026-09-30
Nikko Remigio,nikko remigio,WR,KC,True,False,0.0,0.0,0.0,0.0,0.0,0.0,0.0,0.00,4-18,0.00,2026-09-30
David Moore,david moore,WR,CAR,True,False,0.0,0.0,0.0,0.0,0.0,0.0,0.0,0.00,4-18,0.00,2026-09-30
Devin Duvernay,devin duvernay,WR,ARI,True,False,0.0,0.0,0.0,0.0,0.0,0.0,0.0,0.00,4-18,0.00,2026-09-30
Kevin Austin Jr.,kevin austin jr,WR,NO,True,False,0.0,0.0,0.0,0.0,0.0,0.0,0.0,0.00,4-18,0.00,2026-09-30
Odell Beckham Jr.,odell beckham jr,WR,NYG,True,False,0.0,0.0,0.0,0.0,0.0,0.0,0.0,0.00,4-18,0.00,2026-09-30
De'Zhaun Stribling,dezhaun stribling,WR,SF,True,False,0.0,0.0,0.0,0.0,0.0,0.0,0.0,0.00,4-18,0.00,2026-09-30
Mason Tipton,mason tipton,WR,NO,True,False,0.0,0.0,0.0,0.0,0.0,0.0,0.0,0.00,4-18,0.00,2026-09-30
Lil'Jordan Humphrey,liljordan humphrey,WR,DEN,True,False,0.0,0.0,0.0,0.0,0.0,0.0,0.0,0.00,4-18,0.00,2026-09-30
Gunner Olszewski,gunner olszewski,WR,NYG,True,False,0.0,0.0,0.0,0.0,0.0,0.0,0.0,0.00,4-18,0.00,2026-09-30
Ricky Pearsall,ricky pearsall,WR,SF,True,False,0.0,0.0,0.0,0.0,0.0,0.0,0.0,0.00,4-18,0.00,2026-09-30
Tutu Atwell,tutu atwell,WR,LAR,True,False,0.0,0.0,0.0,0.0,0.0,0.0,0.0,0.00,4-18,0.00,2026-09-30
Christian Kirk,christian kirk,WR,SF,True,False,0.0,0.0,0.0,0.0,0.0,0.0,0.0,0.00,4-18,0.00,2026-09-30
Ja'Kobi Lane,jakobi lane,WR,BAL,True,False,0.0,0.0,0.0,0.0,0.0,0.0,0.0,0.00,4-18,0.00,2026-09-30
Jalen Brooks,jalen brooks,WR,ARI,True,False,0.0,0.0,0.0,0.0,0.0,0.0,0.0,0.00,4-18,0.00,2026-09-30
Dont'e Thornton Jr.,donte thornton jr,WR,LV,True,False,0.0,0.0,0.0,0.0,0.0,0.0,0.0,0.00,4-18,0.00,2026-09-30
Montorie Foster Jr,montorie foster jr,WR,SEA,True,False,0.0,0.0,0.0,0.0,0.0,0.0,0.0,0.00,4-18,0.00,2026-09-30
Theo Wease Jr.,theo wease jr,WR,,True,False,0.0,0.0,0.0,0.0,0.0,0.0,0.0,0.00,4-18,0.00,2026-09-30
Myles Price,myles price,WR,MIN,True,False,0.0,0.0,0.0,0.0,0.0,0.0,0.0,0.00,4-18,0.00,2026-09-30
Malachi Corley,malachi corley,WR,CLE,True,False,0.0,0.0,0.0,0.0,0.0,0.0,0.0,0.00,4-18,0.00,2026-09-30
Jalen McMillan,jalen mcmillan,WR,TB,True,False,0.0,0.0,0.0,0.0,0.0,0.0,0.0,0.00,4-18,0.00,2026-09-30
Cyrus Allen,cyrus allen,WR,KC,True,False,0.0,0.0,0.0,0.0,0.0,0.0,0.0,0.00,4-18,0.00,2026-09-30
Elijah Sarratt,elijah sarratt,WR,BAL,True,False,0.0,0.0,0.0,0.0,0.0,0.0,0.0,0.00,4-18,0.00,2026-09-30
Omar Cooper Jr.,omar cooper jr,WR,NYJ,True,False,0.0,0.0,0.0,0.0,0.0,0.0,0.0,0.00,4-18,0.00,2026-09-30
KeAndre Lambert-Smith,keandre lambertsmith,WR,LAC,True,False,0.0,0.0,0.0,0.0,0.0,0.0,0.0,0.00,4-18,0.00,2026-09-30
Reggie Virgil,reggie virgil,WR,ARI,True,False,0.0,0.0,0.0,0.0,0.0,0.0,0.0,0.00,4-18,0.00,2026-09-30
Luke McCaffrey,luke mccaffrey,WR,WSH,True,False,0.0,0.0,0.0,0.0,0.0,0.0,0.0,0.00,4-18,0.00,2026-09-30
Jayden Higgins,jayden higgins,WR,HOU,True,False,0.0,0.0,0.0,0.0,0.0,0.0,0.0,0.00,4-18,0.00,2026-09-30
Jack Bech,jack bech,WR,LV,True,False,0.0,0.0,0.0,0.0,0.0,0.0,0.0,0.00,4-18,0.00,2026-09-30
Arian Smith,arian smith,WR,NYJ,True,False,0.0,0.0,0.0,0.0,0.0,0.0,0.0,0.00,4-18,0.00,2026-09-30
Eli Stowers,eli stowers,TE,PHI,True,False,0.0,0.0,0.0,0.0,0.0,0.0,0.0,0.00,4-18,0.00,2026-09-30
Ja'Tavion Sanders,jatavion sanders,TE,CAR,True,False,0.0,0.0,0.0,0.0,0.0,0.0,0.0,0.00,4-18,0.00,2026-09-30
Carsen Ryan,carsen ryan,TE,CLE,True,False,0.0,0.0,0.0,0.0,0.0,0.0,0.0,0.00,4-18,0.00,2026-09-30
Max Klare,max klare,TE,LAR,True,False,0.0,0.0,0.0,0.0,0.0,0.0,0.0,0.00,4-18,0.00,2026-09-30
Tyler Conklin,tyler conklin,TE,DET,True,False,0.0,0.0,0.0,0.0,0.0,0.0,0.0,0.00,4-18,0.00,2026-09-30
David Njoku,david njoku,TE,LAC,True,False,0.0,0.0,0.0,0.0,0.0,0.0,0.0,0.00,4-18,0.00,2026-09-30
Grant Calcaterra,grant calcaterra,TE,PHI,True,False,0.0,0.0,0.0,0.0,0.0,0.0,0.0,0.00,4-18,0.00,2026-09-30
Jelani Woods,jelani woods,TE,NYJ,True,False,0.0,0.0,0.0,0.0,0.0,0.0,0.0,0.00,4-18,0.00,2026-09-30
Jack Endries,jack endries,TE,CIN,True,False,0.0,0.0,0.0,0.0,0.0,0.0,0.0,0.00,4-18,0.00,2026-09-30
Seydou Traore,seydou traore,TE,MIA,True,False,0.0,0.0,0.0,0.0,0.0,0.0,0.0,0.00,4-18,0.00,2026-09-30
Josh Whyle,josh whyle,TE,GB,True,False,0.0,0.0,0.0,0.0,0.0,0.0,0.0,0.00,4-18,0.00,2026-09-30
Chris Manhertz,chris manhertz,TE,NYG,True,False,0.0,0.0,0.0,0.0,0.0,0.0,0.0,0.00,4-18,0.00,2026-09-30
Lucas Krull,lucas krull,TE,,True,False,0.0,0.0,0.0,0.0,0.0,0.0,0.0,0.00,4-18,0.00,2026-09-30
Tanner Koziol,tanner koziol,TE,JAX,True,False,0.0,0.0,0.0,0.0,0.0,0.0,0.0,0.00,4-18,0.00,2026-09-30
Ko Kieft,ko kieft,TE,TB,True,False,0.0,0.0,0.0,0.0,0.0,0.0,0.0,0.00,4-18,0.00,2026-09-30
Luke Musgrave,luke musgrave,TE,GB,True,False,0.0,0.0,0.0,0.0,0.0,0.0,0.0,0.00,4-18,0.00,2026-09-30
Tip Reiman,tip reiman,TE,ARI,True,False,0.0,0.0,0.0,0.0,0.0,0.0,0.0,0.00,4-18,0.00,2026-09-30
Joe Royer,joe royer,TE,CLE,True,False,0.0,0.0,0.0,0.0,0.0,0.0,0.0,0.00,4-18,0.00,2026-09-30
CJ Dippre,cj dippre,TE,,True,False,0.0,0.0,0.0,0.0,0.0,0.0,0.0,0.00,4-18,0.00,2026-09-30
Tanner Hudson,tanner hudson,TE,CIN,True,False,0.0,0.0,0.0,0.0,0.0,0.0,0.0,0.00,4-18,0.00,2026-09-30
Jackson Meeks,jackson meeks,TE,DET,True,False,0.0,0.0,0.0,0.0,0.0,0.0,0.0,0.00,4-18,0.00,2026-09-30
Justin Joly,justin joly,TE,MIA,True,False,0.0,0.0,0.0,0.0,0.0,0.0,0.0,0.00,4-18,0.00,2026-09-30
Julian Hill,julian hill,TE,NE,True,False,0.0,0.0,0.0,0.0,0.0,0.0,0.0,0.00,4-18,0.00,2026-09-30
Cole Turner,cole turner,TE,MIA,True,False,0.0,0.0,0.0,0.0,0.0,0.0,0.0,0.00,4-18,0.00,2026-09-30
Jake Tonges,jake tonges,TE,SF,True,False,0.0,0.0,0.0,0.0,0.0,0.0,0.0,0.00,4-18,0.00,2026-09-30
