player,player_norm,pos,team,health,games_reported,pg_snaps,pg_cmp,pg_att,pg_pass_yds,pg_pass_td,pg_int,pg_sacks,pg_rush_att,pg_rush_yds,pg_rush_td,pg_fum,pg_tgt,pg_rec,pg_rec_yds,pg_rec_td,share_rush,share_tgt,rz_std_ppg,rz_half_ppr_ppg,rz_ppr_ppg,razzball_snapshot_date
Josh Allen,josh allen,QB,BUF,,32.0,62.625,21.9688,31.2812,240.0,1.5,0.7125,1.6812,6.975,35.4344,0.6875,0.1344,0.0,0.0,0.0,0.0,0.0,0.0,21.6,21.6,21.6,2026-09-22
Jalen Hurts,jalen hurts,QB,PHI,,32.0,62.4688,20.9688,30.5312,225.0625,1.4969,0.4875,1.9,7.3375,29.8594,0.4094,0.1469,0.0,0.0,0.0,0.0,0.0,0.0,19.2,19.2,19.2,2026-09-22
Lamar Jackson,lamar jackson,QB,BAL,,32.0,62.8438,20.4688,29.5,230.125,1.5375,0.6531,1.8406,6.7594,34.4031,0.2156,0.175,0.0,0.0,0.0,0.0,0.0,0.0,18.4,18.4,18.4,2026-09-22
Drake Maye,drake maye,QB,NE,,32.0,62.5938,21.5312,31.3125,230.625,1.6031,0.7125,2.3,6.4531,29.2344,0.2375,0.2125,0.0,0.0,0.0,0.0,0.0,0.0,18.1,18.1,18.1,2026-09-22
Caleb Williams,caleb williams,QB,CHI,Q,32.0,62.3125,20.7188,31.25,226.0312,1.5281,0.5031,1.6656,5.3063,25.4937,0.1969,0.0969,0.0,0.0,0.0,0.0,0.0,0.0,17.7,17.7,17.7,2026-09-22
Bo Nix,bo nix,QB,DEN,,32.0,63.4688,23.5625,34.9688,244.375,1.5344,0.5813,1.1125,5.2687,22.0375,0.1187,0.0938,0.0,0.0,0.0,0.0,0.0,0.0,17.5,17.5,17.5,2026-09-22
Jordan Love,jordan love,QB,GB,,32.0,61.9375,21.7812,31.8438,248.1562,1.5719,0.5062,1.2,3.8062,15.9344,0.1437,0.1156,0.0,0.0,0.0,0.0,0.0,0.0,17.4,17.4,17.4,2026-09-22
Patrick Mahomes,patrick mahomes,QB,KC,,32.0,62.7812,21.9688,31.625,229.9375,1.5344,0.775,1.5875,4.8344,26.6812,0.1812,0.0938,0.0,0.0,0.0,0.0,0.0,0.0,17.4,17.4,17.4,2026-09-22
Dak Prescott,dak prescott,QB,DAL,,32.0,60.9062,22.3125,32.0938,247.9375,1.5406,0.5062,1.7,3.8312,14.3531,0.1875,0.1562,0.0,0.0,0.0,0.0,0.0,0.0,17.3,17.3,17.3,2026-09-22
Justin Herbert,justin herbert,QB,LAC,,32.0,62.5938,21.75,31.5312,226.9375,1.525,0.7375,2.3969,4.8063,24.9719,0.1656,0.1844,0.0,0.0,0.0,0.0,0.0,0.0,16.8,16.8,16.8,2026-09-22
Trevor Lawrence,trevor lawrence,QB,JAC,,32.0,62.9688,22.5938,33.5,244.1562,1.4844,0.8844,2.0875,4.8,18.9344,0.1812,0.175,0.0,0.0,0.0,0.0,0.0,0.0,16.6,16.6,16.6,2026-09-22
C.J. Stroud,cj stroud,QB,HOU,,32.0,62.9688,22.0312,32.125,240.8125,1.4688,0.6687,1.8813,4.225,17.3938,0.1375,0.0875,0.0,0.0,0.0,0.0,0.0,0.0,16.6,16.6,16.6,2026-09-22
Matthew Stafford,matthew stafford,QB,LAR,,32.0,61.4375,22.5,32.625,247.2812,1.7406,0.5156,1.3406,2.8906,3.3687,0.1062,0.1313,0.0,0.0,0.0,0.0,0.0,0.0,16.5,16.5,16.5,2026-09-22
Joe Burrow,joe burrow,QB,CIN,,32.0,61.75,24.25,34.875,266.7188,1.625,0.775,1.7719,2.85,5.2969,0.0719,0.15,0.0,0.0,0.0,0.0,0.0,0.0,16.2,16.2,16.2,2026-09-22
Jaxson Dart,jaxson dart,QB,NYG,D,32.0,59.7812,20.1562,29.75,198.5938,1.2531,0.5875,2.5844,5.9719,30.4187,0.2687,0.1281,0.0,0.0,0.0,0.0,0.0,0.0,16.2,16.2,16.2,2026-09-22
Jared Goff,jared goff,QB,DET,,32.0,63.1562,23.6562,33.4688,260.4062,1.5594,0.5312,1.7969,2.3094,4.5344,0.0719,0.1875,0.0,0.0,0.0,0.0,0.0,0.0,16.1,16.1,16.1,2026-09-22
Baker Mayfield,baker mayfield,QB,TB,,32.0,62.4375,21.0,31.25,226.2188,1.3969,0.625,1.8813,4.3375,24.925,0.1031,0.2906,0.0,0.0,0.0,0.0,0.0,0.0,15.9,15.9,15.9,2026-09-22
Daniel Jones,daniel jones,QB,IND,,32.0,59.875,20.8125,30.5312,219.9375,1.3188,0.8125,1.6469,3.9438,13.4656,0.3719,0.2219,0.0,0.0,0.0,0.0,0.0,0.0,15.6,15.6,15.6,2026-09-22
Bryce Young,bryce young,QB,CAR,,32.0,61.7812,21.4688,31.5312,231.5625,1.3125,0.7594,1.725,3.9062,17.4688,0.1906,0.1656,0.0,0.0,0.0,0.0,0.0,0.0,15.6,15.6,15.6,2026-09-22
Sam Darnold,sam darnold,QB,SEA,Q,31.0,62.7742,22.3548,32.129,247.3226,1.6258,0.8806,1.5419,3.1677,9.9065,0.1097,0.171,0.0,0.0,0.0,0.0,0.0,0.0,16.0,16.0,16.0,2026-09-22
Brock Purdy,brock purdy,QB,SF,,32.0,61.2188,22.6562,31.9375,223.9062,1.575,1.0188,0.9781,3.7687,12.9844,0.1844,0.1219,0.0,0.0,0.0,0.0,0.0,0.0,15.4,15.4,15.4,2026-09-22
Tyler Shough,tyler shough,QB,NO,,32.0,62.3438,21.9062,32.1562,212.0938,1.2937,0.6875,2.7375,4.4906,15.1906,0.3219,0.2094,0.0,0.0,0.0,0.0,0.0,0.0,15.3,15.3,15.3,2026-09-22
Cameron Ward,cameron ward,QB,TEN,,32.0,62.0938,22.25,32.875,232.3438,1.2625,0.5312,3.0156,3.75,14.6375,0.1781,0.2844,0.0,0.0,0.0,0.0,0.0,0.0,15.2,15.2,15.2,2026-09-22
Kyler Murray,kyler murray,QB,MIN,,30.0,57.1,19.9333,28.3333,212.5333,1.22,0.5967,1.2733,6.29,31.47,0.1667,0.1167,0.0,0.0,0.0,0.0,0.0,0.0,16.1,16.1,16.1,2026-09-22
Deshaun Watson,deshaun watson,QB,CLE,,32.0,62.0938,21.8125,33.1562,228.4688,1.3,0.7375,2.15,3.7531,14.5531,0.075,0.1844,0.0,0.0,0.0,0.0,0.0,0.0,14.4,14.4,14.4,2026-09-22
Aaron Rodgers,aaron rodgers,QB,PIT,,32.0,60.25,22.375,32.3125,222.0938,1.3188,0.5156,1.575,2.4312,5.4156,0.1,0.1344,0.0,0.0,0.0,0.0,0.0,0.0,13.9,13.9,13.9,2026-09-22
Geno Smith,geno smith,QB,NYJ,,32.0,59.2188,20.3125,29.5938,208.0938,1.2281,0.8063,2.2313,4.3281,12.2469,0.2094,0.1719,0.0,0.0,0.0,0.0,0.0,0.0,13.8,13.8,13.8,2026-09-22
Malik Willis,malik willis,QB,MIA,,32.0,59.3438,19.875,29.5625,171.9375,1.075,0.6937,1.8875,6.1281,33.1281,0.1656,0.1781,0.0,0.0,0.0,0.0,0.0,0.0,13.7,13.7,13.7,2026-09-22
Jacoby Brissett,jacoby brissett,QB,ARI,,32.0,56.2188,19.8125,28.6562,207.7812,1.0781,0.6406,1.9812,4.2094,16.2219,0.1562,0.2,0.0,0.0,0.0,0.0,0.0,0.0,13.4,13.4,13.4,2026-09-22
Fernando Mendoza,fernando mendoza,QB,LV,,31.0,51.0968,18.0323,26.0323,177.5161,0.9742,0.5645,2.2645,4.5226,17.7065,0.1,0.2323,0.0,0.0,0.0,0.0,0.0,0.0,12.0,12.0,12.0,2026-09-22
Jayden Daniels,jayden daniels,QB,WAS,D,32.0,36.5625,12.1562,17.625,133.9062,0.9031,0.3094,1.2719,4.2094,19.3844,0.1625,0.1031,0.0,0.0,0.0,0.0,0.0,0.0,11.0,11.0,11.0,2026-09-22
Michael Penix Jr.,michael penix jr,QB,ATL,P,29.0,40.1379,14.4138,20.8621,146.3103,0.7207,0.4448,1.0862,1.9724,6.9759,0.1345,0.1448,0.0,0.0,0.0,0.0,0.0,0.0,8.8,8.8,8.8,2026-09-22
Marcus Mariota,marcus mariota,QB,WAS,,31.0,26.0968,8.5161,12.5161,95.3548,0.5871,0.329,0.8968,2.7968,15.2387,0.0839,0.1032,0.0,0.0,0.0,0.0,0.0,0.0,7.4,7.4,7.4,2026-09-22
Tua Tagovailoa,tua tagovailoa,QB,ATL,Q,30.0,30.8667,10.9,15.7667,114.1667,0.5767,0.5633,0.8467,1.3767,2.5933,0.05,0.0533,0.0,0.0,0.0,0.0,0.0,0.0,6.5,6.5,6.5,2026-09-22
Cooper Rush,cooper rush,QB,ATL,,17.0,27.4118,9.5294,14.0,95.2353,0.4588,0.3235,0.5941,0.9941,1.5353,0.0294,0.0647,0.0,0.0,0.0,0.0,0.0,0.0,5.1,5.1,5.1,2026-09-22
Kirk Cousins,kirk cousins,QB,LV,,32.0,11.9375,4.3438,6.25,43.1562,0.225,0.1469,0.2656,0.4906,0.8906,0.0094,0.0406,0.0,0.0,0.0,0.0,0.0,0.0,2.4,2.4,2.4,2026-09-22
Gardner Minshew,gardner minshew,QB,ARI,,31.0,5.4516,1.8065,2.6129,18.871,0.0968,0.0581,0.1484,0.2839,0.8,0.0065,0.0129,0.0,0.0,0.0,0.0,0.0,0.0,1.2,1.2,1.2,2026-09-22
Stetson Bennett,stetson bennett,QB,LAR,,31.0,2.871,1.0323,1.5161,11.5161,0.071,0.0323,0.129,0.0903,0.129,0.0,0.0129,0.0,0.0,0.0,0.0,0.0,0.0,0.8,0.8,0.8,2026-09-22
Joe Flacco,joe flacco,QB,CIN,,31.0,2.9032,1.0968,1.5484,11.9355,0.0677,0.0419,0.0839,0.0742,0.0871,0.0032,0.0097,0.0,0.0,0.0,0.0,0.0,0.0,0.7,0.7,0.7,2026-09-22
Sam Howell,sam howell,QB,DAL,,31.0,2.871,1.0645,1.5484,11.8387,0.0645,0.0323,0.0968,0.0387,-0.0387,0.0,0.0097,0.0,0.0,0.0,0.0,0.0,0.0,0.7,0.7,0.7,2026-09-22
Drew Lock,drew lock,QB,SEA,,32.0,2.5938,0.9375,1.3438,10.0,0.0625,0.0312,0.075,0.1437,0.4281,0.0031,0.0063,0.0,0.0,0.0,0.0,0.0,0.0,0.6,0.6,0.6,2026-09-22
Anthony Richardson,anthony richardson,QB,IND,,31.0,2.8065,1.0,1.4516,10.4516,0.0645,0.029,0.0677,0.1452,0.3258,0.0032,0.0065,0.0,0.0,0.0,0.0,0.0,0.0,0.6,0.6,0.6,2026-09-22
Mac Jones,mac jones,QB,SF,,31.0,2.871,1.0968,1.5484,10.6774,0.0677,0.0323,0.071,0.0742,0.071,0.0,0.0065,0.0,0.0,0.0,0.0,0.0,0.0,0.6,0.6,0.6,2026-09-22
Mason Rudolph,mason rudolph,QB,PIT,,31.0,2.8387,0.9355,1.3548,9.3548,0.0613,0.0387,0.0645,0.0677,0.0645,0.0,0.0097,0.0,0.0,0.0,0.0,0.0,0.0,0.6,0.6,0.6,2026-09-22
Cade Klubnik,cade klubnik,QB,NYJ,,31.0,2.7742,0.9677,1.4194,10.0,0.0581,0.029,0.1194,0.029,-0.029,0.0,0.0097,0.0,0.0,0.0,0.0,0.0,0.0,0.5,0.5,0.5,2026-09-22
Jameis Winston,jameis winston,QB,NYG,,31.0,2.8065,0.9355,1.3548,9.0968,0.0581,0.0387,0.0677,0.0645,0.1194,0.0,0.0097,0.0,0.0,0.0,0.0,0.0,0.0,0.5,0.5,0.5,2026-09-22
Jarrett Stidham,jarrett stidham,QB,DEN,,31.0,0.6452,0.2581,0.3548,2.5161,0.0161,0.0065,0.029,0.0323,0.0903,0.0,0.0032,0.0,0.0,0.0,0.0,0.0,0.0,0.2,0.2,0.2,2026-09-22
Joshua Dobbs,joshua dobbs,QB,DET,,31.0,0.6452,0.2258,0.3226,2.6129,0.0161,0.0065,0.0226,0.0194,0.029,0.0,0.0032,0.0,0.0,0.0,0.0,0.0,0.0,0.2,0.2,0.2,2026-09-22
Tyrod Taylor,tyrod taylor,QB,GB,,31.0,0.6129,0.2258,0.3226,2.5161,0.0129,0.0065,0.0258,0.0129,0.0194,0.0,0.0032,0.0,0.0,0.0,0.0,0.0,0.0,0.2,0.2,0.2,2026-09-22
Tyson Bagent,tyson bagent,QB,CHI,,31.0,0.6452,0.2258,0.3548,2.4516,0.0161,0.0065,0.0226,0.0323,0.0613,0.0,0.0032,0.0,0.0,0.0,0.0,0.0,0.0,0.1,0.1,0.1,2026-09-22
Kyle Allen,kyle allen,QB,BUF,,31.0,0.6452,0.2581,0.3548,2.6452,0.0161,0.0065,0.0258,0.0194,0.0258,0.0,0.0032,0.0,0.0,0.0,0.0,0.0,0.0,0.1,0.1,0.1,2026-09-22
Davis Mills,davis mills,QB,HOU,,31.0,0.6452,0.2258,0.3548,2.6129,0.0129,0.0065,0.0194,0.0194,0.029,0.0,0.0,0.0,0.0,0.0,0.0,0.0,0.0,0.1,0.1,0.1,2026-09-22
Tyler Huntley,tyler huntley,QB,BAL,,31.0,0.6452,0.2258,0.3226,2.5161,0.0161,0.0065,0.0258,0.0194,0.029,0.0,0.0,0.0,0.0,0.0,0.0,0.0,0.0,0.1,0.1,0.1,2026-09-22
Justin Fields,justin fields,QB,KC,,31.0,0.6452,0.1935,0.2903,2.0645,0.0161,0.0065,0.029,0.0194,0.029,0.0,0.0032,0.0,0.0,0.0,0.0,0.0,0.0,0.1,0.1,0.1,2026-09-22
Trey Lance,trey lance,QB,LAC,,31.0,0.6452,0.2258,0.3548,2.4839,0.0129,0.0065,0.0258,0.0161,0.0387,0.0,0.0032,0.0,0.0,0.0,0.0,0.0,0.0,0.1,0.1,0.1,2026-09-22
Tommy DeVito,tommy devito,QB,NE,,31.0,0.6452,0.2258,0.3226,2.4194,0.0161,0.0065,0.0226,0.0097,-0.0097,0.0,0.0032,0.0,0.0,0.0,0.0,0.0,0.0,0.1,0.1,0.1,2026-09-22
Quinn Ewers,quinn ewers,QB,JAC,,31.0,0.6452,0.2258,0.3226,2.3871,0.0161,0.0065,0.0226,0.0129,0.0129,0.0,0.0032,0.0,0.0,0.0,0.0,0.0,0.0,0.1,0.1,0.1,2026-09-22
Kenny Pickett,kenny pickett,QB,CAR,,31.0,0.6129,0.2258,0.3226,2.4194,0.0129,0.0065,0.0226,0.0161,0.029,0.0,0.0032,0.0,0.0,0.0,0.0,0.0,0.0,0.1,0.1,0.1,2026-09-22
Jalon Daniels,jalon daniels,QB,TB,,31.0,0.6452,0.2258,0.3226,2.4194,0.0161,0.0065,0.0258,0.0097,-0.0097,0.0,0.0032,0.0,0.0,0.0,0.0,0.0,0.0,0.1,0.1,0.1,2026-09-22
Shedeur Sanders,shedeur sanders,QB,CLE,,31.0,0.6129,0.2258,0.3226,2.1935,0.0129,0.0097,0.0258,0.0097,0.029,0.0,0.0032,0.0,0.0,0.0,0.0,0.0,0.0,0.1,0.1,0.1,2026-09-22
Spencer Rattler,spencer rattler,QB,NO,,31.0,0.6452,0.1935,0.2903,2.0323,0.0129,0.0065,0.0226,0.0161,0.0258,0.0,0.0032,0.0,0.0,0.0,0.0,0.0,0.0,0.1,0.1,0.1,2026-09-22
Kyle McCord,kyle mccord,QB,MIA,,31.0,0.6129,0.1935,0.2903,1.7419,0.0097,0.0065,0.0258,0.0065,-0.0065,0.0,0.0032,0.0,0.0,0.0,0.0,0.0,0.0,0.1,0.1,0.1,2026-09-22
Tanner McKee,tanner mckee,QB,PHI,,17.0,0.6471,0.2353,0.3529,2.5882,0.0176,0.0059,0.0176,0.0235,0.0235,0.0,0.0,0.0,0.0,0.0,0.0,0.0,0.0,0.1,0.1,0.1,2026-09-22
Andy Dalton,andy dalton,QB,PHI,,16.0,0.625,0.25,0.3125,2.375,0.0125,0.0063,0.0187,0.0187,0.025,0.0,0.0,0.0,0.0,0.0,0.0,0.0,0.0,0.1,0.1,0.1,2026-09-22
J.J. McCarthy,jj mccarthy,QB,MIN,,3.0,2.6667,0.6667,1.0,8.3333,0.0667,0.0667,0.1,0.0667,0.1,0.0,0.0,0.0,0.0,0.0,0.0,0.0,0.0,0.5,0.5,0.5,2026-09-22
Josh Johnson,josh johnson,QB,CIN,,2.0,0.5,0.0,0.5,2.5,0.0,0.0,0.0,0.0,0.0,0.0,0.0,0.0,0.0,0.0,0.0,0.0,0.0,0.2,0.2,0.2,2026-09-22
Ty Simpson,ty simpson,QB,LAR,O,2.0,0.5,0.0,0.5,2.5,0.0,0.0,0.05,0.0,0.0,0.0,0.0,0.0,0.0,0.0,0.0,0.0,0.0,0.2,0.2,0.2,2026-09-22
Joe Milton III,joe milton iii,QB,DAL,,2.0,0.5,0.0,0.5,2.5,0.0,0.0,0.0,0.05,0.05,0.0,0.0,0.0,0.0,0.0,0.0,0.0,0.0,0.2,0.2,0.2,2026-09-22
Jalen Milroe,jalen milroe,QB,SEA,,2.0,0.5,0.0,0.5,2.5,0.0,0.0,0.05,0.05,0.1,0.0,0.0,0.0,0.0,0.0,0.0,0.0,0.0,0.2,0.2,0.2,2026-09-22
Nick Mullens,nick mullens,QB,JAC,,2.0,0.5,0.0,0.5,2.5,0.0,0.0,0.05,0.0,0.0,0.0,0.0,0.0,0.0,0.0,0.0,0.0,0.0,0.1,0.1,0.1,2026-09-22
Riley Leonard,riley leonard,QB,IND,,2.0,0.5,0.0,0.5,2.5,0.0,0.0,0.0,0.0,0.0,0.0,0.0,0.0,0.0,0.0,0.0,0.0,0.0,0.1,0.1,0.1,2026-09-22
Cole Payton,cole payton,QB,PHI,,2.0,0.5,0.0,0.5,2.5,0.0,0.0,0.05,0.0,0.0,0.0,0.0,0.0,0.0,0.0,0.0,0.0,0.0,0.1,0.1,0.1,2026-09-22
Will Howard,will howard,QB,PIT,,2.0,0.5,0.0,0.5,2.0,0.0,0.0,0.05,0.0,0.0,0.0,0.0,0.0,0.0,0.0,0.0,0.0,0.0,0.1,0.1,0.1,2026-09-22
Carson Beck,carson beck,QB,ARI,,2.0,0.5,0.0,0.5,2.0,0.0,0.0,0.0,0.0,0.0,0.0,0.0,0.0,0.0,0.0,0.0,0.0,0.0,0.1,0.1,0.1,2026-09-22
Drew Allar,drew allar,QB,PIT,,2.0,0.5,0.0,0.5,2.0,0.0,0.0,0.05,0.0,0.0,0.0,0.0,0.0,0.0,0.0,0.0,0.0,0.0,0.1,0.1,0.1,2026-09-22
Aidan O'Connell,aidan oconnell,QB,LV,Q,2.0,0.5,0.0,0.5,2.0,0.0,0.0,0.0,0.0,0.0,0.0,0.0,0.0,0.0,0.0,0.0,0.0,0.0,0.1,0.1,0.1,2026-09-22
Brady Cook,brady cook,QB,MIA,,2.0,0.5,0.0,0.5,1.5,0.0,0.0,0.05,0.0,0.05,0.0,0.0,0.0,0.0,0.0,0.0,0.0,0.0,0.1,0.1,0.1,2026-09-22
Bijan Robinson,bijan robinson,RB,ATL,,32.0,44.5625,0.0,0.0,0.0,0.0,0.0,0.0,16.7812,88.1625,0.5781,0.0,5.8844,4.4969,40.1562,0.1875,60.6,18.5,17.3,19.6,21.8,2026-09-22
Jahmyr Gibbs,jahmyr gibbs,RB,DET,,32.0,43.1875,0.0,0.0,0.0,0.0,0.0,0.0,16.2188,83.2031,0.7094,0.0,4.8406,3.7156,30.9062,0.1469,59.6,14.3,16.4,18.3,20.2,2026-09-22
Christian McCaffrey,christian mccaffrey,RB,SF,,32.0,41.6562,0.0,0.0,0.0,0.0,0.0,0.0,15.7188,69.1,0.5344,0.0,5.15,3.9469,38.3438,0.2719,55.0,15.4,15.5,17.5,19.5,2026-09-22
Javonte Williams,javonte williams,RB,DAL,,32.0,47.3125,0.0,0.0,0.0,0.0,0.0,0.0,17.5,83.1469,0.6438,0.0,3.05,2.3312,16.7188,0.1375,63.7,9.1,14.6,15.7,16.9,2026-09-22
Jonathan Taylor,jonathan taylor,RB,IND,,32.0,46.4688,0.0,0.0,0.0,0.0,0.0,0.0,19.0938,95.0531,0.4375,0.0,3.5281,2.7125,18.0312,0.0625,67.8,11.1,14.2,15.6,16.9,2026-09-22
Derrick Henry,derrick henry,RB,BAL,,32.0,31.4688,0.0,0.0,0.0,0.0,0.0,0.0,17.5625,89.7,0.7812,0.0,1.6031,1.2281,10.4062,0.0437,57.1,5.4,14.9,15.5,16.1,2026-09-22
Chase Brown,chase brown,RB,CIN,,32.0,42.125,0.0,0.0,0.0,0.0,0.0,0.0,13.7188,62.9094,0.5,0.0,4.8906,3.75,32.6562,0.1812,54.0,13.4,13.6,15.4,17.3,2026-09-22
Kenneth Walker III,kenneth walker iii,RB,KC,,32.0,39.375,0.0,0.0,0.0,0.0,0.0,0.0,15.2188,73.925,0.5312,0.0,3.6187,2.7781,23.1875,0.125,52.6,11.3,13.5,14.9,16.3,2026-09-22
Jeremiyah Love,jeremiyah love,RB,ARI,,32.0,39.5312,0.0,0.0,0.0,0.0,0.0,0.0,16.9062,77.4156,0.3875,0.0,3.625,2.775,22.3438,0.1281,61.2,11.6,12.9,14.3,15.7,2026-09-22
Bucky Irving,bucky irving,RB,TB,,32.0,40.5938,0.0,0.0,0.0,0.0,0.0,0.0,15.1875,67.6531,0.2812,0.0,4.1281,3.1656,30.9688,0.1875,52.8,13.0,12.6,14.1,15.7,2026-09-22
Saquon Barkley,saquon barkley,RB,PHI,,32.0,45.4062,0.0,0.0,0.0,0.0,0.0,0.0,17.375,78.075,0.4219,0.0,3.1531,2.4125,18.9688,0.125,59.1,10.2,12.9,14.1,15.3,2026-09-22
James Cook,james cook,RB,BUF,,32.0,39.125,0.0,0.0,0.0,0.0,0.0,0.0,16.8125,87.4094,0.3094,0.0,3.025,2.3219,18.6875,0.0875,58.1,9.6,12.9,14.0,15.2,2026-09-22
De'Von Achane,devon achane,RB,MIA,,32.0,42.2812,0.0,0.0,0.0,0.0,0.0,0.0,13.5,69.0906,0.2656,0.0,5.2344,4.0156,27.25,0.1469,48.9,17.5,12.0,14.0,16.0,2026-09-22
David Montgomery,david montgomery,RB,HOU,,32.0,35.3438,0.0,0.0,0.0,0.0,0.0,0.0,14.4062,67.6031,0.5906,0.0,2.6812,2.0594,17.875,0.0719,50.8,8.3,12.4,13.4,14.5,2026-09-22
Jonathon Brooks,jonathon brooks,RB,CAR,Q,32.0,35.75,0.0,0.0,0.0,0.0,0.0,0.0,15.3438,69.25,0.4813,0.0,2.9062,2.2219,17.5625,0.0875,54.7,9.1,12.0,13.1,14.2,2026-09-22
Kyren Williams,kyren williams,RB,LAR,,32.0,43.0,0.0,0.0,0.0,0.0,0.0,0.0,15.0,73.2969,0.4469,0.0,2.7844,2.1344,14.8438,0.0969,54.3,8.2,12.0,13.1,14.1,2026-09-22
Cameron Skattebo,cameron skattebo,RB,NYG,,32.0,35.1875,0.0,0.0,0.0,0.0,0.0,0.0,12.0312,53.8969,0.5156,0.0,3.9438,3.0219,23.5625,0.1156,43.0,12.7,11.4,12.9,14.4,2026-09-22
Quinshon Judkins,quinshon judkins,RB,CLE,,32.0,39.5625,0.0,0.0,0.0,0.0,0.0,0.0,15.0938,63.2281,0.4688,0.0,3.3156,2.5406,20.375,0.0563,57.4,9.9,11.4,12.7,14.0,2026-09-22
Ashton Jeanty,ashton jeanty,RB,LV,,32.0,41.2812,0.0,0.0,0.0,0.0,0.0,0.0,12.3438,53.2875,0.3937,0.0,4.2156,3.2281,24.4062,0.1313,45.9,13.4,10.9,12.5,14.1,2026-09-22
Breece Hall,breece hall,RB,NYJ,,32.0,34.2188,0.0,0.0,0.0,0.0,0.0,0.0,15.0625,70.7188,0.3937,0.0,2.4312,1.8656,14.9062,0.1125,53.9,7.9,11.5,12.5,13.4,2026-09-22
Omarion Hampton,omarion hampton,RB,LAC,,32.0,34.5625,0.0,0.0,0.0,0.0,0.0,0.0,13.4375,61.8062,0.4688,0.0,3.225,2.4781,18.0938,0.0844,47.8,10.1,11.2,12.4,13.7,2026-09-22
D'Andre Swift,dandre swift,RB,CHI,,32.0,34.7188,0.0,0.0,0.0,0.0,0.0,0.0,13.5,64.9219,0.4719,0.0,2.7594,2.1094,16.375,0.0594,46.9,8.7,11.2,12.3,13.3,2026-09-22
Jaylen Warren,jaylen warren,RB,PIT,,32.0,26.25,0.0,0.0,0.0,0.0,0.0,0.0,12.5625,58.1344,0.3594,0.0,3.0812,2.3687,20.3438,0.125,46.7,9.1,10.7,11.9,13.0,2026-09-22
Rico Dowdle,rico dowdle,RB,PIT,,32.0,31.2812,0.0,0.0,0.0,0.0,0.0,0.0,11.3125,52.7375,0.4094,0.0,3.6406,2.7875,21.6875,0.1,41.9,10.8,10.4,11.8,13.2,2026-09-22
Jordan Mason,jordan mason,RB,MIN,,27.0,32.7778,0.0,0.0,0.0,0.0,0.0,0.0,13.4815,64.3481,0.5444,0.0,1.5926,1.2185,9.037,0.0333,39.1,4.3,10.7,11.3,11.9,2026-09-22
Travis Etienne Jr.,travis etienne jr,RB,NO,,32.0,34.9688,0.0,0.0,0.0,0.0,0.0,0.0,12.125,55.7594,0.3125,0.0,3.1313,2.3937,17.875,0.125,45.0,9.6,9.9,11.1,12.3,2026-09-22
Bhayshul Tuten,bhayshul tuten,RB,JAC,,32.0,34.5312,0.0,0.0,0.0,0.0,0.0,0.0,12.6562,52.7031,0.4,0.0,3.0594,2.3469,17.1562,0.0906,47.1,9.0,9.8,11.0,12.2,2026-09-22
TreVeyon Henderson,treveyon henderson,RB,NE,,32.0,31.0312,0.0,0.0,0.0,0.0,0.0,0.0,12.0312,57.7188,0.2969,0.0,2.6938,2.0688,17.4688,0.1062,42.5,8.5,9.9,10.9,11.9,2026-09-22
Tony Pollard,tony pollard,RB,TEN,,32.0,34.8438,0.0,0.0,0.0,0.0,0.0,0.0,15.0312,69.6125,0.3094,0.0,2.0531,1.575,10.8125,0.0312,58.2,6.2,10.0,10.8,11.6,2026-09-22
Aaron Jones,aaron jones,RB,MIN,Q,32.0,27.2812,0.0,0.0,0.0,0.0,0.0,0.0,9.8125,46.0063,0.3156,0.0,3.1375,2.3937,19.3125,0.0938,33.6,10.1,8.9,10.1,11.3,2026-09-22
Rhamondre Stevenson,rhamondre stevenson,RB,NE,,32.0,31.1875,0.0,0.0,0.0,0.0,0.0,0.0,9.1875,41.2938,0.3906,0.0,2.8813,2.2125,19.25,0.0906,32.4,9.1,8.9,10.0,11.1,2026-09-22
J.K. Dobbins,jk dobbins,RB,DEN,Q,32.0,27.6562,0.0,0.0,0.0,0.0,0.0,0.0,11.9688,56.1187,0.3875,0.0,1.5781,1.2125,8.4375,0.025,44.8,4.5,8.9,9.5,10.1,2026-09-22
RJ Harvey,rj harvey,RB,DEN,Q,31.0,25.871,0.0,0.0,0.0,0.0,0.0,0.0,7.0645,30.3129,0.3129,0.0,3.5097,2.6968,20.8387,0.1548,25.6,9.6,7.9,9.2,10.6,2026-09-22
Rachaad White,rachaad white,RB,WAS,,32.0,27.75,0.0,0.0,0.0,0.0,0.0,0.0,8.125,37.2313,0.2625,0.0,2.9,2.2281,17.5312,0.1406,27.9,9.7,7.8,8.9,10.0,2026-09-22
MarShawn Lloyd,marshawn lloyd,RB,GB,,32.0,28.9688,0.0,0.0,0.0,0.0,0.0,0.0,10.9062,46.8687,0.3063,0.0,2.1281,1.6281,11.5625,0.0719,38.6,6.6,8.0,8.9,9.7,2026-09-22
Zach Charbonnet,zach charbonnet,RB,SEA,,24.0,28.0417,0.0,0.0,0.0,0.0,0.0,0.0,9.7917,44.3167,0.4458,0.0,1.4125,1.0833,8.75,0.0458,25.9,3.3,8.2,8.7,9.3,2026-09-22
Jadarian Price,jadarian price,RB,SEA,,32.0,28.1562,0.0,0.0,0.0,0.0,0.0,0.0,10.75,43.1219,0.3,0.0,2.1156,1.6219,11.4688,0.075,37.8,6.5,7.6,8.4,9.2,2026-09-22
Jacory Croskey-Merritt,jacory croskeymerritt,RB,WAS,,32.0,26.0938,0.0,0.0,0.0,0.0,0.0,0.0,10.8438,48.6594,0.2375,0.0,1.2156,0.9281,6.5312,0.0281,37.1,4.1,7.0,7.5,8.0,2026-09-22
Blake Corum,blake corum,RB,LAR,,32.0,19.7812,0.0,0.0,0.0,0.0,0.0,0.0,9.375,44.3469,0.2969,0.0,1.0844,0.8281,6.125,0.0219,33.8,3.2,6.9,7.3,7.7,2026-09-22
Chris Rodriguez Jr.,chris rodriguez jr,RB,JAC,,32.0,24.375,0.0,0.0,0.0,0.0,0.0,0.0,8.3438,38.5031,0.2313,0.0,1.8438,1.4156,10.8438,0.0531,31.0,5.5,6.6,7.3,8.0,2026-09-22
Tyjae Spears,tyjae spears,RB,TEN,,32.0,22.8125,0.0,0.0,0.0,0.0,0.0,0.0,5.2812,23.4219,0.25,0.0,2.7469,2.1125,17.0625,0.0938,20.5,8.3,6.1,7.1,8.2,2026-09-22
Kyle Monangai,kyle monangai,RB,CHI,,32.0,21.2188,0.0,0.0,0.0,0.0,0.0,0.0,7.0312,32.0688,0.225,0.0,1.7125,1.3062,9.5938,0.0594,24.5,5.4,5.8,6.5,7.1,2026-09-22
Sean Tucker,sean tucker,RB,TB,,32.0,14.8438,0.0,0.0,0.0,0.0,0.0,0.0,6.4062,27.4281,0.45,0.0,0.7281,0.5563,4.3438,0.0344,22.4,2.3,6.0,6.3,6.6,2026-09-22
Woody Marks,woody marks,RB,HOU,,32.0,24.0,0.0,0.0,0.0,0.0,0.0,0.0,7.7812,32.1531,0.1437,0.0,1.6812,1.2875,8.875,0.075,27.5,5.2,5.3,6.0,6.6,2026-09-22
Chuba Hubbard,chuba hubbard,RB,CAR,,32.0,20.1562,0.0,0.0,0.0,0.0,0.0,0.0,6.3125,28.9844,0.175,0.0,1.7437,1.3313,8.6562,0.0656,22.4,5.5,5.2,5.8,6.5,2026-09-22
Justice Hill,justice hill,RB,BAL,,32.0,19.6875,0.0,0.0,0.0,0.0,0.0,0.0,3.5,16.5625,0.1125,0.0,2.5719,1.9719,19.0938,0.0844,11.4,8.6,4.7,5.7,6.7,2026-09-22
Brian Robinson,brian robinson,RB,ATL,Q,32.0,15.8125,0.0,0.0,0.0,0.0,0.0,0.0,7.1562,32.9406,0.2,0.0,0.9906,0.7594,6.0938,0.0344,25.8,3.1,5.3,5.6,6.0,2026-09-22
Isiah Pacheco,isiah pacheco,RB,DET,,24.0,17.4167,0.0,0.0,0.0,0.0,0.0,0.0,6.4583,29.3708,0.2083,0.0,1.2292,0.9417,7.625,0.0333,17.7,2.7,5.1,5.6,6.1,2026-09-22
Alvin Kamara,alvin kamara,RB,NO,,32.0,17.6875,0.0,0.0,0.0,0.0,0.0,0.0,5.9375,26.8719,0.15,0.0,1.6438,1.2594,9.1875,0.05,22.1,5.1,4.8,5.4,6.0,2026-09-22
Tyler Allgeier,tyler allgeier,RB,ARI,,32.0,21.0,0.0,0.0,0.0,0.0,0.0,0.0,5.9375,26.7406,0.2,0.0,1.2469,0.9563,7.4375,0.0281,21.5,4.0,4.7,5.2,5.7,2026-09-22
Josh Jacobs,josh jacobs,RB,GB,,26.0,14.9231,0.0,0.0,0.0,0.0,0.0,0.0,5.3846,24.3423,0.2192,0.0,1.15,0.8808,7.9615,0.0423,15.4,2.9,4.8,5.2,5.7,2026-09-22
Samaje Perine,samaje perine,RB,CIN,,32.0,17.0,0.0,0.0,0.0,0.0,0.0,0.0,5.1875,23.7219,0.1781,0.0,1.4531,1.1156,10.0938,0.0312,20.4,4.0,4.6,5.1,5.7,2026-09-22
Keaton Mitchell,keaton mitchell,RB,LAC,,32.0,14.3438,0.0,0.0,0.0,0.0,0.0,0.0,5.375,26.7531,0.0813,0.0,1.3625,1.0437,10.375,0.0469,19.1,4.3,4.4,5.0,5.5,2026-09-22
Dylan Sampson,dylan sampson,RB,CLE,,26.0,17.7308,0.0,0.0,0.0,0.0,0.0,0.0,3.8846,16.4038,0.0731,0.0,2.3154,1.7769,14.6154,0.0923,11.9,5.6,4.0,4.9,5.8,2026-09-22
Jaylen Wright,jaylen wright,RB,MIA,Q,32.0,12.5938,0.0,0.0,0.0,0.0,0.0,0.0,5.2812,23.4094,0.2406,0.0,1.075,0.825,6.0938,0.0219,19.2,3.6,4.5,4.9,5.3,2026-09-22
Braelon Allen,braelon allen,RB,NYJ,,32.0,15.3125,0.0,0.0,0.0,0.0,0.0,0.0,5.7188,27.4125,0.1469,0.0,1.1219,0.8594,6.1562,0.0375,20.5,3.6,4.4,4.8,5.3,2026-09-22
Kaelon Black,kaelon black,RB,SF,,32.0,14.7812,0.0,0.0,0.0,0.0,0.0,0.0,6.125,24.9031,0.1688,0.0,0.9344,0.7188,5.0625,0.025,21.6,2.8,4.1,4.5,4.8,2026-09-22
Mike Washington Jr.,mike washington jr,RB,LV,,32.0,16.3125,0.0,0.0,0.0,0.0,0.0,0.0,6.25,24.9344,0.1594,0.0,1.1781,0.9031,2.7812,0.0344,23.2,3.7,3.9,4.3,4.8,2026-09-22
Devin Singletary,devin singletary,RB,NYG,,32.0,12.2188,0.0,0.0,0.0,0.0,0.0,0.0,3.875,17.2906,0.125,0.0,1.2719,0.9781,7.5625,0.0406,13.8,4.1,3.4,3.9,4.4,2026-09-22
Kaleb Johnson,kaleb johnson,RB,GB,,32.0,14.625,0.0,0.0,0.0,0.0,0.0,0.0,5.5,22.5312,0.0969,0.0,0.9969,0.7625,5.7188,0.025,19.5,3.1,3.5,3.9,4.3,2026-09-22
Ty Johnson,ty johnson,RB,BUF,Q,32.0,14.9688,0.0,0.0,0.0,0.0,0.0,0.0,2.125,9.95,0.0844,0.0,1.85,1.4156,12.7188,0.0594,7.3,5.9,3.1,3.8,4.5,2026-09-22
Kenneth Gainwell,kenneth gainwell,RB,TB,,32.0,9.5938,0.0,0.0,0.0,0.0,0.0,0.0,2.6875,11.85,0.1031,0.0,1.4688,1.1219,9.5625,0.0781,9.2,4.7,3.2,3.8,4.3,2026-09-22
Kendre Miller,kendre miller,RB,NO,,31.0,9.7097,0.0,0.0,0.0,0.0,0.0,0.0,4.3226,20.2065,0.1806,0.0,0.6161,0.471,3.6129,0.0161,15.4,1.9,3.5,3.8,4.0,2026-09-22
Tank Bigsby,tank bigsby,RB,PHI,,32.0,11.875,0.0,0.0,0.0,0.0,0.0,0.0,4.1875,19.6906,0.2,0.0,0.5906,0.4531,2.9062,0.0156,14.3,1.9,3.5,3.8,4.0,2026-09-22
Emmett Johnson,emmett johnson,RB,KC,,32.0,13.5,0.0,0.0,0.0,0.0,0.0,0.0,3.9062,15.6281,0.1437,0.0,1.1375,0.8719,6.3125,0.0406,13.4,3.6,3.3,3.7,4.1,2026-09-22
Najee Harris,najee harris,RB,NYG,,32.0,11.75,0.0,0.0,0.0,0.0,0.0,0.0,5.125,23.8875,0.0719,0.0,0.7812,0.6,3.8438,0.0187,18.2,2.5,3.3,3.6,3.9,2026-09-22
Brashard Smith,brashard smith,RB,KC,,32.0,11.6562,0.0,0.0,0.0,0.0,0.0,0.0,3.0938,12.6,0.0563,0.0,1.4812,1.1344,8.3438,0.0688,10.7,4.6,2.8,3.4,3.9,2026-09-22
George Holani,george holani,RB,SEA,,32.0,13.0938,0.0,0.0,0.0,0.0,0.0,0.0,4.5625,18.6687,0.0688,0.0,0.9094,0.6969,4.9375,0.025,16.0,2.8,2.9,3.2,3.6,2026-09-22
Kimani Vidal,kimani vidal,RB,LAC,,32.0,11.0312,0.0,0.0,0.0,0.0,0.0,0.0,4.2812,18.5281,0.1062,0.0,0.5531,0.425,3.0,0.025,15.3,1.7,2.9,3.1,3.3,2026-09-22
Emari Demercado,emari demercado,RB,DAL,,32.0,10.9062,0.0,0.0,0.0,0.0,0.0,0.0,4.125,20.7688,0.0719,0.0,0.5188,0.3969,2.8125,0.0156,15.1,1.6,2.8,3.0,3.2,2026-09-22
Ray Davis,ray davis,RB,BUF,,32.0,8.75,0.0,0.0,0.0,0.0,0.0,0.0,3.0,13.6469,0.0406,0.0,0.9156,0.7,5.8125,0.0469,10.4,2.9,2.4,2.8,3.1,2026-09-22
Isaiah Davis,isaiah davis,RB,NYJ,,32.0,11.4375,0.0,0.0,0.0,0.0,0.0,0.0,2.375,10.2781,0.0187,0.0,1.2625,0.9688,7.4688,0.025,8.6,4.1,2.0,2.5,3.0,2026-09-22
Sione Vaki,sione vaki,RB,DET,,32.0,7.0312,0.0,0.0,0.0,0.0,0.0,0.0,3.4375,13.1406,0.1313,0.0,0.2687,0.2062,1.4062,0.0063,12.7,0.8,2.2,2.3,2.5,2026-09-22
Kaytron Allen,kaytron allen,RB,WAS,,32.0,7.1562,0.0,0.0,0.0,0.0,0.0,0.0,3.6562,14.6906,0.0844,0.0,0.4531,0.3469,1.2188,0.0156,12.5,1.5,2.2,2.3,2.5,2026-09-22
Rasheen Ali,rasheen ali,RB,BAL,,32.0,11.75,0.0,0.0,0.0,0.0,0.0,0.0,2.125,8.5656,0.0031,0.0,1.1875,0.9094,7.0938,0.0406,6.9,4.0,1.8,2.2,2.7,2026-09-22
Raheim Sanders,raheim sanders,RB,CLE,,32.0,7.9688,0.0,0.0,0.0,0.0,0.0,0.0,2.625,10.7344,0.1187,0.0,0.4188,0.3219,2.3125,0.0094,10.0,1.3,2.1,2.2,2.4,2026-09-22
Kyle Juszczyk,kyle juszczyk,RB,SF,,32.0,29.9062,0.0,0.0,0.0,0.0,0.0,0.0,0.2188,0.8375,0.0094,0.0,1.6094,1.2375,10.2812,0.0656,0.8,4.8,1.5,2.2,2.8,2026-09-22
Seth McGowan,seth mcgowan,RB,IND,,32.0,7.625,0.0,0.0,0.0,0.0,0.0,0.0,2.1875,8.7781,0.0594,0.0,0.7219,0.5563,3.5938,0.025,7.7,2.3,1.7,2.0,2.3,2026-09-22
Jonah Coleman,jonah coleman,RB,DEN,,32.0,8.9062,0.0,0.0,0.0,0.0,0.0,0.0,2.4062,9.575,0.0719,0.0,0.675,0.5188,1.9062,0.0219,9.0,1.9,1.7,2.0,2.2,2026-09-22
DJ Giddens,dj giddens,RB,IND,Q,32.0,8.0312,0.0,0.0,0.0,0.0,0.0,0.0,2.625,10.8344,0.0281,0.0,0.4813,0.3688,2.3125,0.0156,9.3,1.5,1.5,1.7,1.9,2026-09-22
Tahj Brooks,tahj brooks,RB,CIN,,32.0,6.2188,0.0,0.0,0.0,0.0,0.0,0.0,2.6562,10.8406,0.0406,0.0,0.3563,0.2719,2.1562,0.0094,10.5,1.0,1.6,1.7,1.9,2026-09-22
Alec Ingold,alec ingold,RB,LAC,,32.0,22.7812,0.0,0.0,0.0,0.0,0.0,0.0,0.2812,1.0437,0.0,0.0,1.3656,1.0469,8.0625,0.0281,1.0,4.3,1.1,1.6,2.1,2026-09-22
Hunter Luepke,hunter luepke,RB,DAL,,32.0,14.2812,0.0,0.0,0.0,0.0,0.0,0.0,1.1562,4.7219,0.0,0.0,0.8906,0.6813,5.0625,0.0344,4.3,2.7,1.2,1.5,1.9,2026-09-22
James Conner,james conner,RB,ARI,,12.0,4.5,0.0,0.0,0.0,0.0,0.0,0.0,1.5833,7.7,0.0583,0.0,0.2333,0.175,1.3333,0.0083,2.1,0.3,1.3,1.4,1.5,2026-09-22
AJ Dillon,aj dillon,RB,CAR,,32.0,5.625,0.0,0.0,0.0,0.0,0.0,0.0,2.1562,10.6031,0.0031,0.0,0.2687,0.2062,1.5312,0.0094,7.7,0.8,1.3,1.4,1.5,2026-09-22
Patrick Ricard,patrick ricard,RB,NYG,,32.0,27.75,0.0,0.0,0.0,0.0,0.0,0.0,0.1875,0.7031,0.0031,0.0,1.3875,1.0594,5.9375,0.025,0.7,4.5,0.8,1.3,1.9,2026-09-22
Jordan James,jordan james,RB,SF,,32.0,6.3438,0.0,0.0,0.0,0.0,0.0,0.0,2.125,8.4906,0.0594,0.0,0.1187,0.0906,0.3438,0.0031,7.4,0.4,1.3,1.3,1.4,2026-09-22
Ollie Gordon II,ollie gordon ii,RB,MIA,,32.0,4.6875,0.0,0.0,0.0,0.0,0.0,0.0,1.4688,6.0594,0.0688,0.0,0.2344,0.1781,1.1562,0.0031,5.3,0.8,1.1,1.2,1.3,2026-09-22
Demond Claiborne,demond claiborne,RB,MIN,,32.0,4.9688,0.0,0.0,0.0,0.0,0.0,0.0,1.75,7.0812,0.0563,0.0,0.2406,0.1844,0.4062,0.0063,6.0,0.7,1.1,1.2,1.3,2026-09-22
Nicholas Singleton,nicholas singleton,RB,TEN,,32.0,4.5625,0.0,0.0,0.0,0.0,0.0,0.0,1.5938,6.3563,0.0531,0.0,0.2188,0.1656,0.6562,0.0063,6.2,0.7,1.1,1.1,1.2,2026-09-22
Dylan Laube,dylan laube,RB,LV,,32.0,5.6875,0.0,0.0,0.0,0.0,0.0,0.0,1.4375,5.8,0.0406,0.0,0.2906,0.2219,1.5312,0.0063,5.4,0.9,1.0,1.1,1.2,2026-09-22
Kendall Milton,kendall milton,RB,CIN,,15.0,3.6667,0.0,0.0,0.0,0.0,0.0,0.0,1.4667,5.4533,0.0533,0.0,0.2133,0.1667,0.7333,0.0067,2.7,0.3,1.0,1.1,1.1,2026-09-22
Chris Brooks,chris brooks,RB,GB,,32.0,6.6875,0.0,0.0,0.0,0.0,0.0,0.0,1.3125,5.3438,0.0,0.0,0.375,0.2875,2.0625,0.0094,4.6,1.2,0.8,0.9,1.1,2026-09-22
Zavier Scott,zavier scott,RB,CHI,,31.0,3.5806,0.0,0.0,0.0,0.0,0.0,0.0,1.3871,5.8065,0.0226,0.0,0.2,0.1516,1.129,0.0065,4.7,0.6,0.8,0.9,1.0,2026-09-22
Reggie Gilliam,reggie gilliam,RB,NE,,32.0,12.375,0.0,0.0,0.0,0.0,0.0,0.0,0.0625,0.2219,0.0031,0.0,0.8156,0.625,4.625,0.0187,0.2,2.6,0.6,0.9,1.2,2026-09-22
Max Bredeson,max bredeson,RB,MIN,,32.0,22.3125,0.0,0.0,0.0,0.0,0.0,0.0,0.3125,1.1031,0.0094,0.0,0.8531,0.65,2.125,0.0344,1.1,2.8,0.6,0.9,1.2,2026-09-22
Adam Prentice,adam prentice,RB,DEN,,16.0,8.9375,0.0,0.0,0.0,0.0,0.0,0.0,0.5,1.9,0.0187,0.0,0.475,0.3688,2.5625,0.0187,0.9,0.7,0.7,0.8,1.0,2026-09-22
Andrew Beck,andrew beck,RB,NYJ,,32.0,6.9688,0.0,0.0,0.0,0.0,0.0,0.0,0.125,0.5125,0.0031,0.0,0.5844,0.4469,3.5625,0.025,0.4,1.9,0.6,0.8,1.0,2026-09-22
Tyrone Tracy Jr.,tyrone tracy jr,RB,NYG,,32.0,2.8438,0.0,0.0,0.0,0.0,0.0,0.0,1.4375,6.4906,0.0063,0.0,0.1313,0.1,0.5938,0.0031,5.2,0.4,0.7,0.8,0.8,2026-09-22
Velus Jones Jr.,velus jones jr,RB,SEA,,14.0,2.5714,0.0,0.0,0.0,0.0,0.0,0.0,1.0714,4.4286,0.0286,0.0,0.1286,0.1,0.6429,0.0071,1.7,0.2,0.7,0.7,0.8,2026-09-22
Eli Heidenreich,eli heidenreich,RB,PIT,,32.0,3.2812,0.0,0.0,0.0,0.0,0.0,0.0,0.9375,3.7594,0.0312,0.0,0.1906,0.1469,0.5312,0.0063,3.5,0.6,0.6,0.7,0.8,2026-09-22
Roschon Johnson,roschon johnson,RB,CHI,,32.0,2.5312,0.0,0.0,0.0,0.0,0.0,0.0,1.25,5.7125,0.0,0.0,0.0437,0.0344,0.25,0.0031,4.3,0.1,0.6,0.6,0.6,2026-09-22
Will Shipley,will shipley,RB,PHI,,32.0,5.25,0.0,0.0,0.0,0.0,0.0,0.0,0.8125,3.3,0.0,0.0,0.25,0.1906,1.4062,0.0063,2.8,0.8,0.5,0.6,0.7,2026-09-22
LeQuint Allen Jr.,lequint allen jr,RB,JAC,,32.0,3.8125,0.0,0.0,0.0,0.0,0.0,0.0,0.4062,1.7125,0.0063,0.0,0.225,0.1719,1.2188,0.0063,1.6,0.7,0.4,0.4,0.5,2026-09-22
Jacob Saylors,jacob saylors,RB,DET,,32.0,1.25,0.0,0.0,0.0,0.0,0.0,0.0,0.5625,2.2687,0.0281,0.0,0.0156,0.0125,0.0625,0.0,2.1,0.1,0.4,0.4,0.4,2026-09-22
British Brooks,british brooks,RB,HOU,,32.0,4.75,0.0,0.0,0.0,0.0,0.0,0.0,0.3125,1.1219,0.0094,0.0,0.2625,0.2,0.75,0.0094,1.1,0.8,0.3,0.4,0.5,2026-09-22
Michael Burton,michael burton,RB,CLE,,32.0,4.0625,0.0,0.0,0.0,0.0,0.0,0.0,0.0312,0.0906,0.0,0.0,0.3,0.2313,1.7188,0.0125,0.1,0.9,0.3,0.4,0.5,2026-09-22
Riley Nowakowski,riley nowakowski,RB,PIT,,32.0,4.5312,0.0,0.0,0.0,0.0,0.0,0.0,0.0625,0.1844,0.0031,0.0,0.3625,0.2781,0.6875,0.0125,0.2,1.1,0.2,0.3,0.4,2026-09-22
Corey Kiner,corey kiner,RB,NE,,32.0,0.6875,0.0,0.0,0.0,0.0,0.0,0.0,0.4375,1.8188,0.0125,0.0,0.0344,0.0312,0.1875,0.0,1.6,0.1,0.3,0.3,0.3,2026-09-22
Jaleel McLaughlin,jaleel mclaughlin,RB,CLE,,23.0,0.9565,0.0,0.0,0.0,0.0,0.0,0.0,0.3913,1.887,0.0087,0.0,0.0391,0.0348,0.2174,0.0,1.1,0.1,0.3,0.3,0.3,2026-09-22
DeeJay Dallas,deejay dallas,RB,MIN,,24.0,1.1667,0.0,0.0,0.0,0.0,0.0,0.0,0.2917,1.3292,0.0083,0.0,0.0792,0.0625,0.4583,0.0042,0.8,0.2,0.2,0.3,0.3,2026-09-22
Tyler Badie,tyler badie,RB,DEN,,16.0,1.4375,0.0,0.0,0.0,0.0,0.0,0.0,0.1875,0.65,0.0063,0.0,0.1437,0.1125,0.8125,0.0063,0.3,0.2,0.2,0.3,0.3,2026-09-22
Ronnie Rivers,ronnie rivers,RB,LAR,Q,32.0,0.7188,0.0,0.0,0.0,0.0,0.0,0.0,0.375,1.6969,0.0063,0.0,0.025,0.0219,0.1562,0.0,1.3,0.1,0.2,0.2,0.2,2026-09-22
Julius Chestnut,julius chestnut,RB,TEN,,32.0,0.6562,0.0,0.0,0.0,0.0,0.0,0.0,0.25,1.0781,0.0125,0.0,0.0187,0.0125,0.0938,0.0,1.0,0.1,0.2,0.2,0.2,2026-09-22
Travis Homer,travis homer,RB,PIT,,16.0,0.6875,0.0,0.0,0.0,0.0,0.0,0.0,0.25,1.0125,0.0063,0.0,0.0437,0.0312,0.25,0.0,0.4,0.1,0.2,0.2,0.2,2026-09-22
Bam Knight,bam knight,RB,ARI,,32.0,0.6875,0.0,0.0,0.0,0.0,0.0,0.0,0.25,0.9906,0.0063,0.0,0.0281,0.025,0.1562,0.0,0.9,0.1,0.2,0.2,0.2,2026-09-22
Adam Randall,adam randall,RB,BAL,,24.0,0.5833,0.0,0.0,0.0,0.0,0.0,0.0,0.25,1.0375,0.0083,0.0,0.0167,0.0125,0.0833,0.0,0.6,0.0,0.2,0.2,0.2,2026-09-22
Emanuel Wilson,emanuel wilson,RB,SEA,,32.0,0.6562,0.0,0.0,0.0,0.0,0.0,0.0,0.25,1.2031,0.0031,0.0,0.0125,0.0094,0.0938,0.0,0.9,0.0,0.2,0.2,0.2,2026-09-22
Israel Abanikanda,israel abanikanda,RB,DAL,,22.0,0.6364,0.0,0.0,0.0,0.0,0.0,0.0,0.2273,0.9364,0.0091,0.0,0.0318,0.0182,0.0909,0.0,0.6,0.1,0.2,0.2,0.2,2026-09-22
Trevor Etienne,trevor etienne,RB,CAR,,13.0,0.5385,0.0,0.0,0.0,0.0,0.0,0.0,0.2308,0.9769,0.0077,0.0,0.0154,0.0077,0.0769,0.0,0.3,0.0,0.2,0.2,0.2,2026-09-22
Isaac Guerendo,isaac guerendo,RB,SF,,24.0,0.625,0.0,0.0,0.0,0.0,0.0,0.0,0.25,0.925,0.0083,0.0,0.0167,0.0083,0.0833,0.0,0.6,0.0,0.1,0.1,0.2,2026-09-22
Ameer Abdullah,ameer abdullah,RB,JAC,,32.0,0.6562,0.0,0.0,0.0,0.0,0.0,0.0,0.1562,0.7531,0.0031,0.0,0.0312,0.0219,0.2188,0.0,0.6,0.1,0.1,0.1,0.1,2026-09-22
Brittain Brown,brittain brown,RB,CHI,,24.0,0.5,0.0,0.0,0.0,0.0,0.0,0.0,0.1667,0.7333,0.0042,0.0,0.0083,0.0083,0.0417,0.0,0.5,0.0,0.1,0.1,0.1,2026-09-22
Frank Gore Jr.,frank gore jr,RB,BUF,,24.0,0.625,0.0,0.0,0.0,0.0,0.0,0.0,0.1667,0.6958,0.0042,0.0,0.0125,0.0083,0.0833,0.0,0.4,0.0,0.1,0.1,0.1,2026-09-22
Jarquez Hunter,jarquez hunter,RB,MIA,,8.0,0.5,0.0,0.0,0.0,0.0,0.0,0.0,0.125,0.575,0.0,0.0,0.0,0.0,0.0,0.0,0.2,0.0,0.1,0.1,0.1,2026-09-22
Kene Nwangwu,kene nwangwu,RB,NYJ,Q,31.0,0.5161,0.0,0.0,0.0,0.0,0.0,0.0,0.129,0.5387,0.0032,0.0,0.0,0.0,0.0,0.0,0.4,0.0,0.1,0.1,0.1,2026-09-22
Jeremy McNichols,jeremy mcnichols,RB,WAS,,24.0,0.5417,0.0,0.0,0.0,0.0,0.0,0.0,0.0833,0.3917,0.0,0.0,0.0125,0.0083,0.0417,0.0,0.2,0.0,0.0,0.1,0.1,2026-09-22
Puka Nacua,puka nacua,WR,LAR,O,31.0,44.9032,0.0,0.0,0.0,0.0,0.0,0.0,0.6065,3.4194,0.0258,0.0,9.6839,6.8484,89.5806,0.5194,0.0,27.5,12.5,16.0,19.4,2026-09-22
Amon-Ra St. Brown,amonra st brown,WR,DET,,32.0,55.1562,0.0,0.0,0.0,0.0,0.0,0.0,0.2062,1.0938,0.0156,0.0,9.7656,6.7562,81.9688,0.5156,0.0,28.9,11.4,14.8,18.2,2026-09-22
Jaxon Smith-Njigba,jaxon smithnjigba,WR,SEA,,32.0,51.8125,0.0,0.0,0.0,0.0,0.0,0.0,0.6937,3.6562,0.0281,0.0,8.6125,5.9,82.3125,0.4969,0.0,26.5,11.7,14.6,17.6,2026-09-22
Ja'Marr Chase,jamarr chase,WR,CIN,,32.0,58.1562,0.0,0.0,0.0,0.0,0.0,0.0,0.2219,1.1875,0.0125,0.0,9.2344,6.3031,80.2188,0.3375,0.0,25.3,10.2,13.3,16.5,2026-09-22
Justin Jefferson,justin jefferson,WR,MIN,,32.0,56.3438,0.0,0.0,0.0,0.0,0.0,0.0,0.0344,0.1875,0.0031,0.0,8.4906,5.75,75.0938,0.3688,0.0,27.3,9.7,12.6,15.5,2026-09-22
Nico Collins,nico collins,WR,HOU,Q,31.0,48.1935,0.0,0.0,0.0,0.0,0.0,0.0,0.171,0.9032,0.0065,0.0,8.0452,5.2871,70.871,0.4226,0.0,24.0,9.7,12.3,15.0,2026-09-22
A.J. Brown,aj brown,WR,NE,,22.0,52.0455,0.0,0.0,0.0,0.0,0.0,0.0,0.0,0.0,0.0,0.0,8.3318,5.5636,69.5909,0.4364,0.0,18.2,9.5,12.3,15.1,2026-09-22
Zay Flowers,zay flowers,WR,BAL,Q,31.0,50.8065,0.0,0.0,0.0,0.0,0.0,0.0,0.8226,4.3871,0.0387,0.0,7.071,4.8065,68.1613,0.4129,0.0,23.0,9.9,12.3,14.7,2026-09-22
Chris Olave,chris olave,WR,NO,,32.0,53.125,0.0,0.0,0.0,0.0,0.0,0.0,0.0625,0.3438,0.0031,0.0,8.7,5.6531,70.0938,0.3937,0.0,26.8,9.4,12.2,15.0,2026-09-22
CeeDee Lamb,ceedee lamb,WR,DAL,,32.0,53.4062,0.0,0.0,0.0,0.0,0.0,0.0,0.1313,0.6875,0.0063,0.0,8.1125,5.3438,71.1562,0.375,0.0,24.1,9.4,12.1,14.8,2026-09-22
Drake London,drake london,WR,ATL,,32.0,53.3438,0.0,0.0,0.0,0.0,0.0,0.0,0.0469,0.25,0.0031,0.0,8.1562,5.4156,69.1562,0.3187,0.0,25.6,8.8,11.5,14.2,2026-09-22
Garrett Wilson,garrett wilson,WR,NYJ,,32.0,50.4688,0.0,0.0,0.0,0.0,0.0,0.0,0.0,0.0,0.0,0.0,8.2281,5.425,64.9375,0.3656,0.0,26.6,8.6,11.3,14.1,2026-09-22
Rashee Rice,rashee rice,WR,KC,,32.0,48.4688,0.0,0.0,0.0,0.0,0.0,0.0,0.6312,3.3438,0.0344,0.0,7.1406,4.9,55.5,0.4688,0.0,22.4,8.8,11.3,13.7,2026-09-22
Terry McLaurin,terry mclaurin,WR,WAS,,32.0,47.0,0.0,0.0,0.0,0.0,0.0,0.0,0.0,0.0,0.0,0.0,7.0687,4.6688,62.6562,0.4188,0.0,23.7,8.7,11.1,13.4,2026-09-22
DeVonta Smith,devonta smith,WR,PHI,,32.0,55.0938,0.0,0.0,0.0,0.0,0.0,0.0,0.0,0.0,0.0,0.0,7.5,4.975,63.9375,0.3406,0.0,24.3,8.4,10.9,13.4,2026-09-22
Tee Higgins,tee higgins,WR,CIN,,32.0,50.0625,0.0,0.0,0.0,0.0,0.0,0.0,0.0,0.0,0.0,0.0,6.5062,4.2469,58.625,0.4719,0.0,17.8,8.7,10.8,12.9,2026-09-22
Luther Burden III,luther burden iii,WR,CHI,,32.0,51.2188,0.0,0.0,0.0,0.0,0.0,0.0,0.7688,4.0938,0.0312,0.0,7.1906,4.6875,60.8438,0.3,0.0,22.7,8.4,10.8,13.1,2026-09-22
George Pickens,george pickens,WR,DAL,,32.0,52.7188,0.0,0.0,0.0,0.0,0.0,0.0,0.0,0.0,0.0,0.0,6.8281,4.4688,61.7812,0.3937,0.0,20.3,8.5,10.7,13.0,2026-09-22
Christian Watson,christian watson,WR,GB,,32.0,45.0938,0.0,0.0,0.0,0.0,0.0,0.0,0.0938,0.5,0.0031,0.0,6.2438,3.975,59.8125,0.425,0.0,19.4,8.6,10.6,12.5,2026-09-22
Tetairoa McMillan,tetairoa mcmillan,WR,CAR,,32.0,53.375,0.0,0.0,0.0,0.0,0.0,0.0,0.0,0.0,0.0,0.0,7.5844,4.8719,62.0938,0.3187,0.0,23.8,8.1,10.5,12.9,2026-09-22
Davante Adams,davante adams,WR,LAR,,32.0,45.3438,0.0,0.0,0.0,0.0,0.0,0.0,0.0,0.0,0.0,0.0,7.1844,4.575,53.5,0.4562,0.0,21.0,8.0,10.3,12.6,2026-09-22
Parker Washington,parker washington,WR,JAC,,32.0,50.9375,0.0,0.0,0.0,0.0,0.0,0.0,0.6469,3.3438,0.0187,0.0,6.925,4.2375,55.4688,0.3469,0.0,20.5,8.0,10.2,12.3,2026-09-22
Emeka Egbuka,emeka egbuka,WR,TB,,32.0,53.4062,0.0,0.0,0.0,0.0,0.0,0.0,0.1,0.5312,0.0031,0.0,7.2313,4.55,56.8125,0.3375,0.0,22.9,7.7,10.0,12.3,2026-09-22
DK Metcalf,dk metcalf,WR,PIT,,32.0,53.5625,0.0,0.0,0.0,0.0,0.0,0.0,0.15,0.8125,0.0063,0.0,6.7625,4.3688,54.9688,0.325,0.0,20.1,7.5,9.7,11.9,2026-09-22
Malik Nabers,malik nabers,WR,NYG,,32.0,46.625,0.0,0.0,0.0,0.0,0.0,0.0,0.0,0.0,0.0,0.0,7.125,4.5312,52.4688,0.3594,0.0,22.9,7.4,9.6,11.9,2026-09-22
Jaylen Waddle,jaylen waddle,WR,DEN,,32.0,49.25,0.0,0.0,0.0,0.0,0.0,0.0,0.1313,0.7188,0.0063,0.0,6.5781,4.2687,53.25,0.3344,0.0,18.6,7.4,9.5,11.7,2026-09-22
DJ Moore,dj moore,WR,BUF,Q,32.0,51.75,0.0,0.0,0.0,0.0,0.0,0.0,0.7937,4.1875,0.0344,0.0,5.6094,3.6938,48.7188,0.3312,0.0,17.7,7.4,9.3,11.1,2026-09-22
Courtland Sutton,courtland sutton,WR,DEN,,32.0,48.5938,0.0,0.0,0.0,0.0,0.0,0.0,0.0,0.0,0.0,0.0,6.3063,4.0438,50.4688,0.3438,0.0,17.9,7.1,9.1,11.1,2026-09-22
Ladd McConkey,ladd mcconkey,WR,LAC,,32.0,49.0312,0.0,0.0,0.0,0.0,0.0,0.0,0.0,0.0,0.0,0.0,6.3594,4.0969,48.875,0.3469,0.0,19.9,6.9,9.0,11.0,2026-09-22
Rome Odunze,rome odunze,WR,CHI,,32.0,53.625,0.0,0.0,0.0,0.0,0.0,0.0,0.0,0.0,0.0,0.0,6.1656,3.8094,48.375,0.3625,0.0,19.5,7.0,8.9,10.8,2026-09-22
Jameson Williams,jameson williams,WR,DET,,32.0,56.125,0.0,0.0,0.0,0.0,0.0,0.0,0.4938,2.5938,0.0375,0.0,5.5375,3.4844,49.1875,0.2844,0.0,16.4,7.1,8.8,10.6,2026-09-22
Brian Thomas Jr.,brian thomas jr,WR,JAC,,32.0,48.8438,0.0,0.0,0.0,0.0,0.0,0.0,0.1812,0.9688,0.0063,0.0,6.3063,3.9188,50.75,0.2687,0.0,18.6,6.8,8.7,10.7,2026-09-22
KC Concepcion,kc concepcion,WR,CLE,,32.0,44.2188,0.0,0.0,0.0,0.0,0.0,0.0,1.1687,6.1875,0.0437,0.0,5.8906,3.7219,44.625,0.2594,0.0,17.6,6.8,8.7,10.6,2026-09-22
Stefon Diggs,stefon diggs,WR,WAS,,32.0,43.4375,0.0,0.0,0.0,0.0,0.0,0.0,0.0,0.0,0.0,0.0,5.6781,3.9062,49.9688,0.2625,0.0,19.1,6.5,8.5,10.5,2026-09-22
Michael Pittman Jr.,michael pittman jr,WR,PIT,Q,31.0,52.0323,0.0,0.0,0.0,0.0,0.0,0.0,0.0,0.0,0.0,0.0,6.3871,4.1935,47.9032,0.2613,0.0,18.4,6.3,8.4,10.5,2026-09-22
Josh Downs,josh downs,WR,IND,,32.0,47.6562,0.0,0.0,0.0,0.0,0.0,0.0,0.0969,0.5312,0.0031,0.0,5.9406,3.975,47.375,0.2719,0.0,18.6,6.4,8.4,10.4,2026-09-22
Mike Evans,mike evans,WR,SF,,32.0,46.5,0.0,0.0,0.0,0.0,0.0,0.0,0.0,0.0,0.0,0.0,6.225,4.0719,45.5625,0.2969,0.0,18.6,6.3,8.3,10.4,2026-09-22
Carnell Tate,carnell tate,WR,TEN,,32.0,48.25,0.0,0.0,0.0,0.0,0.0,0.0,0.0,0.0,0.0,0.0,6.1281,3.9406,47.2188,0.2594,0.0,18.5,6.2,8.2,10.2,2026-09-22
Matthew Golden,matthew golden,WR,GB,,32.0,46.2812,0.0,0.0,0.0,0.0,0.0,0.0,1.0312,5.4062,0.0406,0.0,5.6094,3.4844,44.625,0.2031,0.0,17.4,6.4,8.2,9.9,2026-09-22
Quentin Johnston,quentin johnston,WR,LAC,,32.0,48.7812,0.0,0.0,0.0,0.0,0.0,0.0,0.1594,0.8438,0.0063,0.0,5.5,3.45,42.5312,0.3406,0.0,17.2,6.4,8.1,9.8,2026-09-22
Chris Godwin,chris godwin,WR,TB,,32.0,49.5625,0.0,0.0,0.0,0.0,0.0,0.0,0.0625,0.3438,0.0031,0.0,5.8156,3.8563,44.4688,0.2812,0.0,18.4,6.1,8.1,10.0,2026-09-22
Deebo Samuel Sr.,deebo samuel sr,WR,SF,,32.0,45.8125,0.0,0.0,0.0,0.0,0.0,0.0,1.1062,5.9688,0.0437,0.0,5.2938,3.5125,39.3125,0.2594,0.0,15.8,6.3,8.1,9.8,2026-09-22
Alec Pierce,alec pierce,WR,IND,Q,32.0,48.8125,0.0,0.0,0.0,0.0,0.0,0.0,0.0,0.0,0.0,0.0,4.9875,3.1156,48.4375,0.275,0.0,15.6,6.5,8.0,9.6,2026-09-22
Jakobi Meyers,jakobi meyers,WR,JAC,,32.0,44.5625,0.0,0.0,0.0,0.0,0.0,0.0,0.375,1.9688,0.0125,0.0,5.7469,3.7406,44.8438,0.2281,0.0,17.0,6.1,8.0,9.8,2026-09-22
Jayden Reed,jayden reed,WR,GB,Q,32.0,41.3125,0.0,0.0,0.0,0.0,0.0,0.0,0.6937,3.7188,0.0281,0.0,5.15,3.3969,41.5938,0.2406,0.0,16.0,6.1,7.8,9.5,2026-09-22
Jalen Coker,jalen coker,WR,CAR,,32.0,46.4375,0.0,0.0,0.0,0.0,0.0,0.0,0.0,0.0,0.0,0.0,5.1688,3.3937,46.0625,0.2531,0.0,16.2,6.1,7.8,9.5,2026-09-22
Denzel Boston,denzel boston,WR,CLE,,32.0,48.3438,0.0,0.0,0.0,0.0,0.0,0.0,0.0,0.0,0.0,0.0,5.5719,3.2031,43.4375,0.2656,0.0,16.6,5.9,7.5,9.1,2026-09-22
Wan'Dale Robinson,wandale robinson,WR,TEN,,32.0,49.8125,0.0,0.0,0.0,0.0,0.0,0.0,0.1531,0.8125,0.0063,0.0,5.8406,3.6844,42.4375,0.2031,0.0,17.6,5.6,7.4,9.2,2026-09-22
Michael Wilson,michael wilson,WR,ARI,,32.0,48.1562,0.0,0.0,0.0,0.0,0.0,0.0,0.0,0.0,0.0,0.0,5.5906,3.4375,42.2812,0.2281,0.0,17.9,5.6,7.3,9.0,2026-09-22
Xavier Worthy,xavier worthy,WR,KC,,32.0,44.5938,0.0,0.0,0.0,0.0,0.0,0.0,0.8063,4.5,0.0437,0.0,5.0875,3.2437,37.6875,0.1688,0.0,15.9,5.4,7.1,8.7,2026-09-22
Malik Washington,malik washington,WR,MIA,,32.0,47.3438,0.0,0.0,0.0,0.0,0.0,0.0,1.1531,6.1562,0.0531,0.0,5.55,3.4188,31.4062,0.2125,0.0,18.6,5.3,7.0,8.7,2026-09-22
Marvin Harrison Jr.,marvin harrison jr,WR,ARI,,32.0,48.9688,0.0,0.0,0.0,0.0,0.0,0.0,0.0,0.0,0.0,0.0,5.425,3.3344,41.7812,0.1938,0.0,17.4,5.3,7.0,8.6,2026-09-22
Romeo Doubs,romeo doubs,WR,NE,,32.0,45.5,0.0,0.0,0.0,0.0,0.0,0.0,0.0,0.0,0.0,0.0,4.6531,2.9562,36.625,0.275,0.0,14.7,5.3,6.8,8.3,2026-09-22
Demario Douglas,demario douglas,WR,NE,,32.0,34.5312,0.0,0.0,0.0,0.0,0.0,0.0,0.9313,4.9062,0.0406,0.0,4.225,2.7531,34.375,0.2062,0.0,13.4,5.4,6.7,8.1,2026-09-22
Makai Lemon,makai lemon,WR,PHI,,32.0,43.5,0.0,0.0,0.0,0.0,0.0,0.0,0.0,0.0,0.0,0.0,4.8594,3.25,36.2188,0.2531,0.0,15.7,5.1,6.7,8.3,2026-09-22
Khalil Shakir,khalil shakir,WR,BUF,,32.0,36.3438,0.0,0.0,0.0,0.0,0.0,0.0,0.0563,0.2812,0.0031,0.0,4.9156,3.3125,36.75,0.2219,0.0,15.5,5.0,6.7,8.3,2026-09-22
Calvin Ridley,calvin ridley,WR,TEN,,32.0,38.9062,0.0,0.0,0.0,0.0,0.0,0.0,0.0,0.0,0.0,0.0,4.7781,2.9688,38.375,0.1719,0.0,14.4,4.8,6.3,7.8,2026-09-22
Jerry Jeudy,jerry jeudy,WR,CLE,,32.0,40.7812,0.0,0.0,0.0,0.0,0.0,0.0,0.0,0.0,0.0,0.0,5.0281,3.0656,36.0312,0.1906,0.0,15.0,4.7,6.3,7.8,2026-09-22
Keenan Allen,keenan allen,WR,IND,,32.0,36.6875,0.0,0.0,0.0,0.0,0.0,0.0,0.0,0.0,0.0,0.0,5.1688,3.3375,33.9688,0.1812,0.0,16.2,4.5,6.1,7.8,2026-09-22
Jordan Addison,jordan addison,WR,MIN,,32.0,42.25,0.0,0.0,0.0,0.0,0.0,0.0,0.1406,0.8438,0.0063,0.0,4.2687,2.6906,35.75,0.1844,0.0,13.8,4.8,6.1,7.5,2026-09-22
Rashid Shaheed,rashid shaheed,WR,SEA,,32.0,33.0625,0.0,0.0,0.0,0.0,0.0,0.0,0.4781,2.625,0.0187,0.0,4.2844,2.7469,34.4688,0.1594,0.0,13.2,4.7,6.1,7.5,2026-09-22
Jauan Jennings,jauan jennings,WR,MIN,Q,31.0,43.871,0.0,0.0,0.0,0.0,0.0,0.0,0.0,0.0,0.0,0.0,4.1097,2.6613,32.8387,0.2355,0.0,12.8,4.7,6.0,7.3,2026-09-22
Rashod Bateman,rashod bateman,WR,BAL,,32.0,46.1875,0.0,0.0,0.0,0.0,0.0,0.0,0.0,0.0,0.0,0.0,4.2906,2.6625,31.7812,0.2281,0.0,14.4,4.5,5.8,7.2,2026-09-22
Tre Tucker,tre tucker,WR,LV,,32.0,41.75,0.0,0.0,0.0,0.0,0.0,0.0,0.4781,2.5312,0.0187,0.0,4.2844,2.6313,30.9375,0.1531,0.0,13.6,4.3,5.7,7.0,2026-09-22
Jalen McMillan,jalen mcmillan,WR,TB,,32.0,35.4375,0.0,0.0,0.0,0.0,0.0,0.0,0.4219,2.25,0.0187,0.0,3.9719,2.4781,32.0625,0.1531,0.0,12.6,4.4,5.7,6.9,2026-09-22
Cooper Kupp,cooper kupp,WR,SEA,,32.0,37.9688,0.0,0.0,0.0,0.0,0.0,0.0,0.0,0.0,0.0,0.0,3.8937,2.5312,31.4688,0.2031,0.0,12.0,4.3,5.6,6.9,2026-09-22
Pat Bryant,pat bryant,WR,DEN,,32.0,34.3125,0.0,0.0,0.0,0.0,0.0,0.0,0.0,0.0,0.0,0.0,4.1562,2.5375,29.9062,0.1781,0.0,11.8,4.0,5.3,6.6,2026-09-22
Dontayvion Wicks,dontayvion wicks,WR,PHI,,32.0,38.2812,0.0,0.0,0.0,0.0,0.0,0.0,0.0906,0.4688,0.0031,0.0,3.8719,2.4125,29.5312,0.1688,0.0,12.5,4.0,5.2,6.4,2026-09-22
Ryan Flournoy,ryan flournoy,WR,DAL,,32.0,34.125,0.0,0.0,0.0,0.0,0.0,0.0,0.3875,2.0625,0.0156,0.0,3.3469,2.2687,28.9062,0.15,0.0,10.0,4.1,5.2,6.3,2026-09-22
De'Zhaun Stribling,dezhaun stribling,WR,SF,,26.0,44.7692,0.0,0.0,0.0,0.0,0.0,0.0,0.0,0.0,0.0,0.0,5.1538,3.0692,22.3846,0.2423,0.0,12.6,3.6,5.2,6.7,2026-09-22
Kayshon Boutte,kayshon boutte,WR,HOU,,32.0,36.0,0.0,0.0,0.0,0.0,0.0,0.0,0.0,0.0,0.0,0.0,3.2938,2.0812,29.3125,0.1781,0.0,10.1,4.0,5.0,6.1,2026-09-22
Andrei Iosivas,andrei iosivas,WR,CIN,,32.0,41.0,0.0,0.0,0.0,0.0,0.0,0.0,0.1938,1.0312,0.0094,0.0,3.4562,2.1125,27.2812,0.1688,0.0,9.5,3.9,4.9,6.0,2026-09-22
Jalen Nailor,jalen nailor,WR,LV,,32.0,37.4688,0.0,0.0,0.0,0.0,0.0,0.0,0.1125,0.5938,0.0031,0.0,3.675,2.2625,28.4688,0.1469,0.0,11.7,3.8,4.9,6.0,2026-09-22
Adonai Mitchell,adonai mitchell,WR,NYJ,,32.0,32.5312,0.0,0.0,0.0,0.0,0.0,0.0,0.0813,0.4062,0.0031,0.0,3.5688,2.1688,28.1562,0.1469,0.0,11.5,3.7,4.8,5.9,2026-09-22
Caleb Douglas,caleb douglas,WR,MIA,Q,32.0,36.7188,0.0,0.0,0.0,0.0,0.0,0.0,0.0,0.0,0.0,0.0,3.6688,2.2469,27.8125,0.1562,0.0,12.3,3.7,4.8,5.9,2026-09-22
Devaughn Vele,devaughn vele,WR,NO,,32.0,38.25,0.0,0.0,0.0,0.0,0.0,0.0,0.0,0.0,0.0,0.0,3.5469,2.2625,26.5938,0.1531,0.0,10.9,3.5,4.7,5.8,2026-09-22
Jaylin Noel,jaylin noel,WR,HOU,,32.0,25.875,0.0,0.0,0.0,0.0,0.0,0.0,0.6594,3.4688,0.025,0.0,3.0469,1.8625,23.5938,0.15,0.0,9.4,3.7,4.7,5.6,2026-09-22
Kendrick Bourne,kendrick bourne,WR,ARI,,32.0,34.1875,0.0,0.0,0.0,0.0,0.0,0.0,0.0,0.0,0.0,0.0,3.4625,2.2031,28.2812,0.0875,0.0,11.1,3.3,4.4,5.5,2026-09-22
Darnell Mooney,darnell mooney,WR,NYG,,32.0,41.9062,0.0,0.0,0.0,0.0,0.0,0.0,0.0,0.0,0.0,0.0,3.5938,2.1594,23.8438,0.1406,0.0,11.6,3.2,4.3,5.4,2026-09-22
Xavier Legette,xavier legette,WR,CAR,,32.0,37.5312,0.0,0.0,0.0,0.0,0.0,0.0,0.0656,0.3438,0.0031,0.0,3.5469,2.1187,22.9062,0.1437,0.0,11.1,3.2,4.2,5.3,2026-09-22
Devontez Walker,devontez walker,WR,BAL,,32.0,25.5312,0.0,0.0,0.0,0.0,0.0,0.0,0.0,0.0,0.0,0.0,2.3188,1.4844,22.375,0.175,0.0,7.8,3.3,4.0,4.8,2026-09-22
Tre Harris,tre harris,WR,LAC,,32.0,35.0312,0.0,0.0,0.0,0.0,0.0,0.0,0.175,0.9375,0.0063,0.0,3.1719,1.9688,22.5,0.1031,0.0,10.0,3.0,4.0,4.9,2026-09-22
Isaiah Williams,isaiah williams,WR,NYJ,,32.0,31.7188,0.0,0.0,0.0,0.0,0.0,0.0,0.3281,1.7812,0.0156,0.0,2.9906,1.8938,21.9062,0.0906,0.0,9.7,3.0,3.9,4.9,2026-09-22
Jordyn Tyson,jordyn tyson,WR,NO,,24.0,37.0833,0.0,0.0,0.0,0.0,0.0,0.0,0.0,0.0,0.0,0.0,4.1917,2.6792,15.2083,0.15,0.0,9.7,2.4,3.7,5.1,2026-09-22
Tyquan Thornton,tyquan thornton,WR,KC,,32.0,27.4375,0.0,0.0,0.0,0.0,0.0,0.0,0.0,0.0,0.0,0.0,2.4062,1.4187,21.6875,0.1344,0.0,7.5,3.0,3.7,4.4,2026-09-22
Ja'Kobi Lane,jakobi lane,WR,BAL,,10.0,22.7,0.0,0.0,0.0,0.0,0.0,0.0,0.0,0.0,0.0,0.0,2.84,1.72,19.6,0.13,0.0,3.0,2.7,3.6,4.4,2026-09-22
Treylon Burks,treylon burks,WR,WAS,,32.0,36.3438,0.0,0.0,0.0,0.0,0.0,0.0,0.0,0.0,0.0,0.0,2.5938,1.5562,19.3125,0.1469,0.0,8.7,2.8,3.6,4.3,2026-09-22
Malachi Fields,malachi fields,WR,NYG,,32.0,32.0938,0.0,0.0,0.0,0.0,0.0,0.0,0.0,0.0,0.0,0.0,2.7625,1.6438,19.875,0.1156,0.0,8.9,2.7,3.5,4.3,2026-09-22
Jack Bech,jack bech,WR,LV,,32.0,25.0625,0.0,0.0,0.0,0.0,0.0,0.0,0.0,0.0,0.0,0.0,2.6,1.7031,19.6875,0.0969,0.0,8.3,2.5,3.4,4.2,2026-09-22
Tory Horton,tory horton,WR,SEA,,32.0,19.8438,0.0,0.0,0.0,0.0,0.0,0.0,0.0,0.0,0.0,0.0,2.1812,1.3687,17.0625,0.1531,0.0,6.7,2.6,3.3,4.0,2026-09-22
Roman Wilson,roman wilson,WR,PIT,,16.0,22.875,0.0,0.0,0.0,0.0,0.0,0.0,0.0,0.0,0.0,0.0,2.7188,1.5688,19.0625,0.0938,0.0,4.0,2.4,3.2,4.0,2026-09-22
Kalif Raymond,kalif raymond,WR,CHI,,32.0,19.3125,0.0,0.0,0.0,0.0,0.0,0.0,0.15,0.8125,0.0063,0.0,2.3906,1.5531,17.9062,0.0875,0.0,7.6,2.4,3.2,4.0,2026-09-22
Keon Coleman,keon coleman,WR,BUF,,32.0,18.7812,0.0,0.0,0.0,0.0,0.0,0.0,0.0,0.0,0.0,0.0,2.1938,1.3875,17.0,0.1187,0.0,6.9,2.4,3.1,3.8,2026-09-22
Jahan Dotson,jahan dotson,WR,ATL,,32.0,29.8125,0.0,0.0,0.0,0.0,0.0,0.0,0.0,0.0,0.0,0.0,2.5344,1.5,18.625,0.0781,0.0,8.0,2.3,3.1,3.8,2026-09-22
Isaac TeSlaa,isaac teslaa,WR,DET,,32.0,30.6562,0.0,0.0,0.0,0.0,0.0,0.0,0.0,0.0,0.0,0.0,2.0406,1.3156,16.6562,0.1156,0.0,6.0,2.3,3.0,3.7,2026-09-22
Tank Dell,tank dell,WR,HOU,,24.0,21.2083,0.0,0.0,0.0,0.0,0.0,0.0,0.0,0.0,0.0,0.0,2.15,1.3792,16.6667,0.1083,0.0,5.0,2.3,3.0,3.7,2026-09-22
Olamide Zaccheaus,olamide zaccheaus,WR,ATL,,32.0,22.8438,0.0,0.0,0.0,0.0,0.0,0.0,0.1656,0.875,0.0094,0.0,2.1969,1.3938,15.3438,0.0906,0.0,6.9,2.2,2.9,3.6,2026-09-22
Germie Bernard,germie bernard,WR,PIT,,32.0,24.8125,0.0,0.0,0.0,0.0,0.0,0.0,0.0,0.0,0.0,0.0,2.9469,1.8094,12.75,0.1156,0.0,8.8,1.9,2.8,3.8,2026-09-22
Chris Bell,chris bell,WR,MIA,,32.0,29.5312,0.0,0.0,0.0,0.0,0.0,0.0,0.0,0.0,0.0,0.0,2.2969,1.3594,15.8438,0.1,0.0,7.7,2.2,2.8,3.5,2026-09-22
KaVontae Turpin,kavontae turpin,WR,DAL,,32.0,15.8438,0.0,0.0,0.0,0.0,0.0,0.0,0.7812,4.1562,0.0344,0.0,1.4781,0.9688,13.125,0.0688,0.0,4.4,2.3,2.8,3.3,2026-09-22
Jordan Whittington,jordan whittington,WR,LAR,O,31.0,26.5161,0.0,0.0,0.0,0.0,0.0,0.0,0.1903,1.0323,0.0097,0.0,2.0,1.2935,15.1935,0.0516,0.0,5.7,2.0,2.6,3.3,2026-09-22
Elic Ayomanor,elic ayomanor,WR,TEN,,32.0,19.875,0.0,0.0,0.0,0.0,0.0,0.0,0.0,0.0,0.0,0.0,2.0031,1.225,14.0,0.075,0.0,6.0,1.8,2.4,3.1,2026-09-22
Troy Franklin,troy franklin,WR,DEN,,32.0,13.125,0.0,0.0,0.0,0.0,0.0,0.0,0.125,0.6562,0.0063,0.0,1.6875,1.0312,11.9375,0.0875,0.0,4.8,1.8,2.3,2.8,2026-09-22
Mack Hollins,mack hollins,WR,NE,,32.0,17.2188,0.0,0.0,0.0,0.0,0.0,0.0,0.0312,0.1562,0.0,0.0,1.7156,1.0719,13.4375,0.0594,0.0,5.4,1.7,2.3,2.8,2026-09-22
Xavier Smith,xavier smith,WR,LAR,,32.0,12.75,0.0,0.0,0.0,0.0,0.0,0.0,0.0,0.0,0.0,0.0,1.4688,0.9531,13.8438,0.0656,0.0,4.3,1.8,2.2,2.7,2026-09-22
Marvin Mims Jr.,marvin mims jr,WR,DEN,Q,31.0,9.7419,0.0,0.0,0.0,0.0,0.0,0.0,0.3645,1.9355,0.0161,0.0,1.4548,0.9355,10.9032,0.0484,0.0,4.0,1.6,2.1,2.6,2026-09-22
Zachariah Branch,zachariah branch,WR,ATL,,32.0,23.9062,0.0,0.0,0.0,0.0,0.0,0.0,0.0,0.0,0.0,0.0,2.125,1.3281,9.4375,0.075,0.0,6.7,1.4,2.0,2.7,2026-09-22
Chimere Dike,chimere dike,WR,TEN,,32.0,12.375,0.0,0.0,0.0,0.0,0.0,0.0,0.2719,1.4062,0.0125,0.0,1.3719,0.8469,9.3125,0.0625,0.0,4.1,1.5,1.9,2.4,2026-09-22
Malik Benson,malik benson,WR,LV,,32.0,12.5312,0.0,0.0,0.0,0.0,0.0,0.0,0.5906,3.0938,0.0219,0.0,1.2625,0.7312,8.4688,0.0406,0.0,4.0,1.5,1.9,2.2,2026-09-22
Cyrus Allen,cyrus allen,WR,KC,,32.0,15.3125,0.0,0.0,0.0,0.0,0.0,0.0,0.0,0.0,0.0,0.0,1.2937,0.7906,9.3438,0.075,0.0,4.1,1.4,1.8,2.2,2026-09-22
Bryce Lance,bryce lance,WR,NO,,32.0,21.0,0.0,0.0,0.0,0.0,0.0,0.0,0.0,0.0,0.0,0.0,1.4344,0.8594,9.75,0.0563,0.0,4.4,1.3,1.7,2.2,2026-09-22
Jahdae Walker,jahdae walker,WR,CHI,,32.0,13.4688,0.0,0.0,0.0,0.0,0.0,0.0,0.0,0.0,0.0,0.0,1.2469,0.7438,8.75,0.0781,0.0,3.9,1.3,1.7,2.1,2026-09-22
Savion Williams,savion williams,WR,GB,,24.0,6.7083,0.0,0.0,0.0,0.0,0.0,0.0,0.7375,3.875,0.0292,0.0,0.7792,0.5,5.6667,0.0458,0.0,1.8,1.4,1.6,1.9,2026-09-22
Omar Cooper Jr.,omar cooper jr,WR,NYJ,,26.0,13.3077,0.0,0.0,0.0,0.0,0.0,0.0,0.0,0.0,0.0,0.0,1.1346,0.7462,8.8846,0.0615,0.0,3.0,1.3,1.6,2.0,2026-09-22
Josh Cameron,josh cameron,WR,JAC,,16.0,13.1875,0.0,0.0,0.0,0.0,0.0,0.0,0.0,0.0,0.0,0.0,1.2,0.7125,8.3125,0.0688,0.0,1.8,1.2,1.6,2.0,2026-09-22
Tay Martin,tay martin,WR,DET,,32.0,13.25,0.0,0.0,0.0,0.0,0.0,0.0,0.0,0.0,0.0,0.0,1.15,0.7469,9.25,0.0469,0.0,3.4,1.2,1.6,1.9,2026-09-22
Tim Patrick,tim patrick,WR,NYJ,,26.0,13.7308,0.0,0.0,0.0,0.0,0.0,0.0,0.0,0.0,0.0,0.0,1.1,0.6923,8.3077,0.0654,0.0,2.9,1.2,1.6,1.9,2026-09-22
Marquise Brown,marquise brown,WR,PHI,,32.0,10.5625,0.0,0.0,0.0,0.0,0.0,0.0,0.0,0.0,0.0,0.0,1.15,0.7281,9.0,0.05,0.0,3.7,1.2,1.6,1.9,2026-09-22
John Metchie III,john metchie iii,WR,CAR,,32.0,11.0938,0.0,0.0,0.0,0.0,0.0,0.0,0.0875,0.4688,0.0031,0.0,1.2094,0.7688,8.4062,0.0437,0.0,3.8,1.2,1.6,1.9,2026-09-22
Xavier Hutchinson,xavier hutchinson,WR,HOU,,32.0,11.1875,0.0,0.0,0.0,0.0,0.0,0.0,0.05,0.25,0.0031,0.0,1.1656,0.7125,8.3125,0.05,0.0,3.6,1.2,1.5,1.9,2026-09-22
Jalen Tolbert,jalen tolbert,WR,MIA,,31.0,16.5161,0.0,0.0,0.0,0.0,0.0,0.0,0.0,0.0,0.0,0.0,1.3355,0.8,7.7097,0.0419,0.0,4.3,1.0,1.4,1.8,2026-09-22
Ashton Dulin,ashton dulin,WR,IND,Q,31.0,11.0645,0.0,0.0,0.0,0.0,0.0,0.0,0.2903,1.5806,0.0097,0.0,0.8194,0.5097,6.6129,0.0323,0.0,2.5,1.1,1.3,1.6,2026-09-22
Lil'Jordan Humphrey,liljordan humphrey,WR,DEN,,16.0,11.0625,0.0,0.0,0.0,0.0,0.0,0.0,0.0,0.0,0.0,0.0,1.0,0.6125,7.3125,0.0437,0.0,1.4,1.0,1.3,1.6,2026-09-22
Jimmy Horn Jr.,jimmy horn jr,WR,CLE,,32.0,6.5,0.0,0.0,0.0,0.0,0.0,0.0,0.45,2.4375,0.0187,0.0,0.7719,0.4969,5.4062,0.0281,0.0,2.4,1.1,1.3,1.6,2026-09-22
Antonio Williams,antonio williams,WR,WAS,,32.0,8.625,0.0,0.0,0.0,0.0,0.0,0.0,0.0,0.0,0.0,0.0,0.8938,0.525,7.0625,0.05,0.0,3.0,1.0,1.3,1.5,2026-09-22
Dyami Brown,dyami brown,WR,WAS,,32.0,9.0625,0.0,0.0,0.0,0.0,0.0,0.0,0.1562,0.8438,0.0063,0.0,0.8562,0.525,6.0938,0.0437,0.0,2.9,1.0,1.3,1.5,2026-09-22
Dareke Young,dareke young,WR,LV,Q,32.0,10.9688,0.0,0.0,0.0,0.0,0.0,0.0,0.0,0.0,0.0,0.0,0.9,0.575,7.6875,0.0344,0.0,2.9,1.0,1.3,1.5,2026-09-22
Konata Mumpfield,konata mumpfield,WR,LAR,,32.0,14.5938,0.0,0.0,0.0,0.0,0.0,0.0,0.0,0.0,0.0,0.0,1.0125,0.6031,6.9062,0.0406,0.0,3.0,0.9,1.2,1.5,2026-09-22
Isaiah Bond,isaiah bond,WR,CLE,,32.0,9.1875,0.0,0.0,0.0,0.0,0.0,0.0,0.0906,0.4688,0.0031,0.0,0.8812,0.5188,6.625,0.0344,0.0,2.6,0.9,1.2,1.4,2026-09-22
Odell Beckham Jr.,odell beckham jr,WR,NYG,,32.0,12.3125,0.0,0.0,0.0,0.0,0.0,0.0,0.0,0.0,0.0,0.0,0.875,0.5687,6.5625,0.0406,0.0,2.8,0.9,1.2,1.5,2026-09-22
Barion Brown,barion brown,WR,NO,,32.0,8.1875,0.0,0.0,0.0,0.0,0.0,0.0,0.7312,3.875,0.0406,0.0,0.625,0.3812,2.2812,0.0219,0.0,1.9,1.0,1.2,1.4,2026-09-22
Kevin Coleman Jr.,kevin coleman jr,WR,MIA,,32.0,10.375,0.0,0.0,0.0,0.0,0.0,0.0,0.0,0.0,0.0,0.0,1.0625,0.6219,6.4375,0.0375,0.0,3.6,0.9,1.2,1.5,2026-09-22
Ted Hurst III,ted hurst iii,WR,TB,,32.0,11.75,0.0,0.0,0.0,0.0,0.0,0.0,0.0,0.0,0.0,0.0,0.8531,0.5094,6.5938,0.0437,0.0,2.7,0.9,1.2,1.4,2026-09-22
Tez Johnson,tez johnson,WR,TB,,32.0,10.6562,0.0,0.0,0.0,0.0,0.0,0.0,0.1656,0.875,0.0063,0.0,0.7625,0.475,5.625,0.0406,0.0,2.4,0.9,1.2,1.4,2026-09-22
LaJohntay Wester,lajohntay wester,WR,BAL,,32.0,9.4062,0.0,0.0,0.0,0.0,0.0,0.0,0.0,0.0,0.0,0.0,0.8438,0.5344,6.3125,0.0406,0.0,2.8,0.9,1.1,1.4,2026-09-22
Kyle Williams,kyle williams,WR,NE,,32.0,10.8125,0.0,0.0,0.0,0.0,0.0,0.0,0.0437,0.25,0.0031,0.0,0.75,0.4437,6.0938,0.0375,0.0,2.4,0.9,1.1,1.3,2026-09-22
Dohnte Meyers,dohnte meyers,WR,CIN,,32.0,5.1562,0.0,0.0,0.0,0.0,0.0,0.0,0.4344,2.3125,0.0187,0.0,0.5281,0.3469,4.25,0.0219,0.0,1.5,0.9,1.1,1.2,2026-09-22
David Sills,david sills,WR,TB,,24.0,10.125,0.0,0.0,0.0,0.0,0.0,0.0,0.0,0.0,0.0,0.0,0.8083,0.4917,5.6667,0.0375,0.0,1.9,0.8,1.0,1.3,2026-09-22
Skyy Moore,skyy moore,WR,GB,,32.0,6.9375,0.0,0.0,0.0,0.0,0.0,0.0,0.1469,0.7812,0.0063,0.0,0.7219,0.4406,5.5,0.025,0.0,2.3,0.8,1.0,1.2,2026-09-22
Tylan Wallace,tylan wallace,WR,CLE,,32.0,8.9688,0.0,0.0,0.0,0.0,0.0,0.0,0.0,0.0,0.0,0.0,0.7719,0.475,5.625,0.0312,0.0,2.3,0.7,1.0,1.2,2026-09-22
Jalen Royals,jalen royals,WR,KC,,32.0,11.4062,0.0,0.0,0.0,0.0,0.0,0.0,0.0,0.0,0.0,0.0,0.7,0.4375,5.125,0.0344,0.0,2.2,0.7,0.9,1.2,2026-09-22
Laquon Treadwell,laquon treadwell,WR,IND,,32.0,9.875,0.0,0.0,0.0,0.0,0.0,0.0,0.0,0.0,0.0,0.0,0.6969,0.4375,4.8125,0.0312,0.0,2.2,0.7,0.9,1.1,2026-09-22
Nikko Remigio,nikko remigio,WR,KC,,32.0,3.875,0.0,0.0,0.0,0.0,0.0,0.0,0.6156,3.2812,0.0344,0.0,0.2375,0.1469,1.9375,0.0125,0.0,0.7,0.8,0.9,0.9,2026-09-22
Jared Wayne,jared wayne,WR,HOU,,32.0,9.8125,0.0,0.0,0.0,0.0,0.0,0.0,0.0,0.0,0.0,0.0,0.7,0.4188,4.8438,0.0281,0.0,2.2,0.7,0.9,1.1,2026-09-22
Jonathan Mingo,jonathan mingo,WR,DAL,,32.0,10.6562,0.0,0.0,0.0,0.0,0.0,0.0,0.0,0.0,0.0,0.0,0.7125,0.4188,5.3125,0.0219,0.0,2.1,0.7,0.9,1.1,2026-09-22
Demarcus Robinson,demarcus robinson,WR,SF,O,27.0,7.7037,0.0,0.0,0.0,0.0,0.0,0.0,0.0185,0.1111,0.0,0.0,0.5704,0.3556,4.6667,0.0333,0.0,1.4,0.7,0.8,1.0,2026-09-22
Luke McCaffrey,luke mccaffrey,WR,WAS,,31.0,7.4516,0.0,0.0,0.0,0.0,0.0,0.0,0.0,0.0,0.0,0.0,0.5323,0.3323,4.4516,0.0355,0.0,1.7,0.6,0.8,1.0,2026-09-22
Chris Blair,chris blair,WR,ATL,,32.0,10.7812,0.0,0.0,0.0,0.0,0.0,0.0,0.0,0.0,0.0,0.0,0.6687,0.3875,4.6562,0.025,0.0,2.1,0.6,0.8,1.0,2026-09-22
KeAndre Lambert-Smith,keandre lambertsmith,WR,LAC,,27.0,8.9259,0.0,0.0,0.0,0.0,0.0,0.0,0.0,0.0,0.0,0.0,0.5593,0.3296,4.1111,0.0222,0.0,1.5,0.5,0.7,0.9,2026-09-22
Skyler Bell,skyler bell,WR,BUF,,31.0,8.3548,0.0,0.0,0.0,0.0,0.0,0.0,0.0,0.0,0.0,0.0,0.6839,0.4129,3.0968,0.0323,0.0,2.1,0.5,0.7,0.9,2026-09-22
Efton Chism III,efton chism iii,WR,NE,,32.0,6.8125,0.0,0.0,0.0,0.0,0.0,0.0,0.0,0.0,0.0,0.0,0.4719,0.2781,3.6875,0.025,0.0,1.5,0.5,0.7,0.8,2026-09-22
Colbie Young,colbie young,WR,CIN,,32.0,8.2812,0.0,0.0,0.0,0.0,0.0,0.0,0.0,0.0,0.0,0.0,0.7281,0.4406,2.4688,0.0312,0.0,2.0,0.4,0.6,0.9,2026-09-22
Cody White,cody white,WR,LV,,23.0,5.7826,0.0,0.0,0.0,0.0,0.0,0.0,0.0,0.0,0.0,0.0,0.4913,0.3043,3.7391,0.0174,0.0,1.1,0.5,0.6,0.8,2026-09-22
Brycen Tremayne,brycen tremayne,WR,CAR,,32.0,7.6875,0.0,0.0,0.0,0.0,0.0,0.0,0.0,0.0,0.0,0.0,0.4844,0.3094,3.6875,0.0156,0.0,1.5,0.5,0.6,0.8,2026-09-22
Arian Smith,arian smith,WR,NYJ,,32.0,7.8125,0.0,0.0,0.0,0.0,0.0,0.0,0.0813,0.4375,0.0031,0.0,0.4625,0.2781,3.2812,0.0125,0.0,1.5,0.5,0.6,0.7,2026-09-22
Zavion Thomas,zavion thomas,WR,CHI,,32.0,7.4375,0.0,0.0,0.0,0.0,0.0,0.0,0.0,0.0,0.0,0.0,0.6469,0.3812,2.0625,0.0281,0.0,2.1,0.4,0.6,0.8,2026-09-22
Brenen Thompson,brenen thompson,WR,LAC,,32.0,7.375,0.0,0.0,0.0,0.0,0.0,0.0,0.0,0.0,0.0,0.0,0.5563,0.3344,2.4062,0.0281,0.0,1.8,0.4,0.6,0.7,2026-09-22
Dont'e Thornton Jr.,donte thornton jr,WR,LV,,24.0,5.75,0.0,0.0,0.0,0.0,0.0,0.0,0.0,0.0,0.0,0.0,0.4667,0.2708,3.0417,0.0125,0.0,1.1,0.4,0.5,0.7,2026-09-22
Braxton Berrios,braxton berrios,WR,NYG,,24.0,3.75,0.0,0.0,0.0,0.0,0.0,0.0,0.0,0.0,0.0,0.0,0.4292,0.2667,2.5417,0.0167,0.0,1.0,0.3,0.5,0.6,2026-09-22
Elijah Sarratt,elijah sarratt,WR,BAL,,32.0,5.1875,0.0,0.0,0.0,0.0,0.0,0.0,0.0,0.0,0.0,0.0,0.3656,0.2188,2.25,0.0219,0.0,1.2,0.3,0.5,0.6,2026-09-22
Nick Westbrook-Ikhine,nick westbrookikhine,WR,IND,,13.0,3.9231,0.0,0.0,0.0,0.0,0.0,0.0,0.0,0.0,0.0,0.0,0.3615,0.2154,2.4615,0.0154,0.0,0.5,0.3,0.4,0.5,2026-09-22
Jaylin Lane,jaylin lane,WR,WAS,,32.0,3.5312,0.0,0.0,0.0,0.0,0.0,0.0,0.0125,0.0625,0.0,0.0,0.3438,0.2094,2.5,0.0125,0.0,1.2,0.3,0.4,0.5,2026-09-22
Tai Felton,tai felton,WR,MIN,,32.0,3.7188,0.0,0.0,0.0,0.0,0.0,0.0,0.0,0.0,0.0,0.0,0.3375,0.2125,2.5,0.0125,0.0,1.1,0.3,0.4,0.5,2026-09-22
Tutu Atwell,tutu atwell,WR,LAR,,32.0,3.8125,0.0,0.0,0.0,0.0,0.0,0.0,0.0,0.0,0.0,0.0,0.2656,0.1656,2.3125,0.0125,0.0,0.8,0.3,0.4,0.5,2026-09-22
Kevin Austin Jr.,kevin austin jr,WR,NO,,24.0,4.0417,0.0,0.0,0.0,0.0,0.0,0.0,0.0,0.0,0.0,0.0,0.325,0.2,2.25,0.0125,0.0,0.7,0.3,0.4,0.5,2026-09-22
Malachi Corley,malachi corley,WR,CLE,,32.0,2.3438,0.0,0.0,0.0,0.0,0.0,0.0,0.125,0.7188,0.0063,0.0,0.2125,0.1375,1.4688,0.0094,0.0,0.7,0.3,0.4,0.4,2026-09-22
Montorie Foster Jr,montorie foster jr,WR,SEA,,15.0,8.7333,0.0,0.0,0.0,0.0,0.0,0.0,0.0,0.0,0.0,0.0,0.6467,0.3933,0.2667,0.02,0.0,1.9,0.2,0.3,0.5,2026-09-22
Derius Davis,derius davis,WR,LAC,,32.0,2.2188,0.0,0.0,0.0,0.0,0.0,0.0,0.1688,0.9062,0.0063,0.0,0.1719,0.1,1.3125,0.0063,0.0,0.6,0.3,0.3,0.4,2026-09-22
Kameron Johnson,kameron johnson,WR,TB,,32.0,3.1562,0.0,0.0,0.0,0.0,0.0,0.0,0.1125,0.5938,0.0063,0.0,0.1969,0.1187,1.4688,0.0094,0.0,0.6,0.3,0.3,0.4,2026-09-22
Ryan Miller,ryan miller,WR,MIA,,32.0,3.625,0.0,0.0,0.0,0.0,0.0,0.0,0.0,0.0,0.0,0.0,0.3031,0.1812,1.8438,0.0125,0.0,1.0,0.3,0.3,0.4,2026-09-22
Jalen Brooks,jalen brooks,WR,ARI,,32.0,4.25,0.0,0.0,0.0,0.0,0.0,0.0,0.0,0.0,0.0,0.0,0.2781,0.1688,2.0,0.0094,0.0,0.9,0.3,0.3,0.4,2026-09-22
Darius Cooper,darius cooper,WR,PHI,,32.0,4.4688,0.0,0.0,0.0,0.0,0.0,0.0,0.0,0.0,0.0,0.0,0.2531,0.1562,1.9375,0.0094,0.0,0.8,0.2,0.3,0.4,2026-09-22
Ke'Shawn Williams,keshawn williams,WR,CIN,,31.0,1.9677,0.0,0.0,0.0,0.0,0.0,0.0,0.1452,0.7742,0.0065,0.0,0.1419,0.0871,1.0968,0.0065,0.0,0.4,0.3,0.3,0.4,2026-09-22
Jacob Cowing,jacob cowing,WR,SF,,32.0,2.75,0.0,0.0,0.0,0.0,0.0,0.0,0.0,0.0,0.0,0.0,0.1969,0.1156,1.4688,0.0125,0.0,0.6,0.2,0.3,0.3,2026-09-22
Theo Wease Jr.,theo wease jr,WR,LAC,,15.0,1.4667,0.0,0.0,0.0,0.0,0.0,0.0,0.0,0.0,0.0,0.0,0.1733,0.1,1.4667,0.0133,0.0,0.3,0.2,0.3,0.3,2026-09-22
Devin Duvernay,devin duvernay,WR,ARI,,32.0,2.1562,0.0,0.0,0.0,0.0,0.0,0.0,0.0,0.0,0.0,0.0,0.1812,0.1125,1.4375,0.0094,0.0,0.6,0.2,0.3,0.3,2026-09-22
Mason Tipton,mason tipton,WR,NO,,24.0,3.0417,0.0,0.0,0.0,0.0,0.0,0.0,0.0708,0.375,0.0042,0.0,0.15,0.0875,0.9583,0.0042,0.0,0.4,0.2,0.2,0.3,2026-09-22
Reggie Virgil,reggie virgil,WR,ARI,,31.0,3.4839,0.0,0.0,0.0,0.0,0.0,0.0,0.0,0.0,0.0,0.0,0.2774,0.1645,0.6129,0.0097,0.0,0.9,0.1,0.2,0.3,2026-09-22
Simi Fehoko,simi fehoko,WR,ARI,,32.0,2.1562,0.0,0.0,0.0,0.0,0.0,0.0,0.0,0.0,0.0,0.0,0.1406,0.0813,0.9688,0.0063,0.0,0.5,0.1,0.2,0.2,2026-09-22
Tyrell Shavers,tyrell shavers,WR,BUF,,24.0,2.0833,0.0,0.0,0.0,0.0,0.0,0.0,0.0,0.0,0.0,0.0,0.1333,0.0792,1.0,0.0042,0.0,0.3,0.1,0.2,0.2,2026-09-22
Christian Kirk,christian kirk,WR,SF,,24.0,1.2917,0.0,0.0,0.0,0.0,0.0,0.0,0.0,0.0,0.0,0.0,0.1333,0.0833,0.9167,0.0042,0.0,0.3,0.1,0.2,0.2,2026-09-22
Xavier Gipson,xavier gipson,WR,PHI,,15.0,1.0,0.0,0.0,0.0,0.0,0.0,0.0,0.0,0.0,0.0,0.0,0.1133,0.0667,0.8,0.0067,0.0,0.2,0.1,0.1,0.2,2026-09-22
Anthony Gould,anthony gould,WR,IND,,14.0,1.4286,0.0,0.0,0.0,0.0,0.0,0.0,0.0,0.0,0.0,0.0,0.0929,0.0571,0.7143,0.0071,0.0,0.1,0.1,0.1,0.2,2026-09-22
Ben Skowronek,ben skowronek,WR,PIT,,16.0,1.3125,0.0,0.0,0.0,0.0,0.0,0.0,0.0,0.0,0.0,0.0,0.0938,0.0563,0.75,0.0063,0.0,0.1,0.1,0.1,0.1,2026-09-22
Myles Price,myles price,WR,MIN,,32.0,1.9375,0.0,0.0,0.0,0.0,0.0,0.0,0.0,0.0,0.0,0.0,0.1187,0.0719,0.5312,0.0063,0.0,0.4,0.1,0.1,0.2,2026-09-22
Brennan Presley,brennan presley,WR,LAR,,14.0,1.1429,0.0,0.0,0.0,0.0,0.0,0.0,0.0,0.0,0.0,0.0,0.0857,0.0571,0.5714,0.0071,0.0,0.1,0.1,0.1,0.1,2026-09-22
David Moore,david moore,WR,CAR,,15.0,0.8667,0.0,0.0,0.0,0.0,0.0,0.0,0.02,0.0667,0.0,0.0,0.0533,0.0267,0.3333,0.0,0.0,0.1,0.1,0.1,0.1,2026-09-22
Kaden Wetjen,kaden wetjen,WR,PIT,,16.0,1.1875,0.0,0.0,0.0,0.0,0.0,0.0,0.0,0.0,0.0,0.0,0.1,0.0563,0.0,0.0,0.0,0.1,0.0,0.0,0.1,2026-09-22
Trey McBride,trey mcbride,TE,ARI,,32.0,45.8125,0.0,0.0,0.0,0.0,0.0,0.0,0.0,0.0,0.0,0.0,7.0156,5.45,53.75,0.3125,0.0,22.5,7.2,10.0,12.7,2026-09-22
Sam LaPorta,sam laporta,TE,DET,,32.0,53.4375,0.0,0.0,0.0,0.0,0.0,0.0,0.0,0.0,0.0,0.0,6.0187,4.7562,49.5,0.3063,0.0,17.8,6.7,9.1,11.5,2026-09-22
Tyler Warren,tyler warren,TE,IND,,32.0,52.6562,0.0,0.0,0.0,0.0,0.0,0.0,0.0,0.0,0.0,0.0,6.3625,4.5781,46.125,0.3375,0.0,19.9,6.8,9.1,11.4,2026-09-22
George Kittle,george kittle,TE,SF,,32.0,45.125,0.0,0.0,0.0,0.0,0.0,0.0,0.0,0.0,0.0,0.0,5.4625,4.6125,48.0938,0.3063,0.0,16.3,6.7,9.0,11.3,2026-09-22
Harold Fannin Jr.,harold fannin jr,TE,CLE,,32.0,49.5312,0.0,0.0,0.0,0.0,0.0,0.0,0.0,0.0,0.0,0.0,6.2031,4.35,41.875,0.2719,0.0,18.5,6.0,8.2,10.4,2026-09-22
Brenton Strange,brenton strange,TE,JAC,,32.0,45.2812,0.0,0.0,0.0,0.0,0.0,0.0,0.0,0.0,0.0,0.0,5.5844,4.2062,42.5625,0.3063,0.0,16.5,6.0,8.2,10.3,2026-09-22
Tucker Kraft,tucker kraft,TE,GB,,32.0,47.1562,0.0,0.0,0.0,0.0,0.0,0.0,0.0,0.0,0.0,0.0,5.1813,3.8,42.6562,0.3281,0.0,16.1,6.2,8.1,10.0,2026-09-22
Mark Andrews,mark andrews,TE,BAL,,32.0,42.125,0.0,0.0,0.0,0.0,0.0,0.0,0.0,0.0,0.0,0.0,4.9344,3.7594,37.7812,0.3187,0.0,16.5,6.1,8.0,9.9,2026-09-22
Colston Loveland,colston loveland,TE,CHI,,32.0,46.625,0.0,0.0,0.0,0.0,0.0,0.0,0.0,0.0,0.0,0.0,5.4344,3.6219,40.0312,0.3625,0.0,17.2,6.2,8.0,9.8,2026-09-22
Dallas Goedert,dallas goedert,TE,PHI,Q,32.0,46.0,0.0,0.0,0.0,0.0,0.0,0.0,0.0,0.0,0.0,0.0,5.0125,3.7969,38.4688,0.3719,0.0,16.2,6.1,8.0,9.9,2026-09-22
Travis Kelce,travis kelce,TE,KC,,32.0,43.1562,0.0,0.0,0.0,0.0,0.0,0.0,0.0,0.0,0.0,0.0,5.275,3.9719,41.0938,0.275,0.0,16.5,5.8,7.8,9.7,2026-09-22
Dalton Kincaid,dalton kincaid,TE,BUF,,32.0,36.0,0.0,0.0,0.0,0.0,0.0,0.0,0.0,0.0,0.0,0.0,4.9031,3.7531,43.125,0.2562,0.0,15.5,5.8,7.7,9.6,2026-09-22
Brock Bowers,brock bowers,TE,LV,Q,32.0,36.1562,0.0,0.0,0.0,0.0,0.0,0.0,0.0,0.0,0.0,0.0,5.0187,3.8813,40.0312,0.2656,0.0,16.0,5.6,7.6,9.5,2026-09-22
Kyle Pitts,kyle pitts,TE,ATL,,32.0,47.7188,0.0,0.0,0.0,0.0,0.0,0.0,0.0,0.0,0.0,0.0,5.8719,4.2687,42.3438,0.2,0.0,18.5,5.4,7.5,9.7,2026-09-22
Juwan Johnson,juwan johnson,TE,NO,,32.0,47.625,0.0,0.0,0.0,0.0,0.0,0.0,0.0,0.0,0.0,0.0,5.4313,3.9312,40.6562,0.2188,0.0,16.7,5.4,7.3,9.3,2026-09-22
Hunter Henry,hunter henry,TE,NE,,32.0,44.4062,0.0,0.0,0.0,0.0,0.0,0.0,0.0,0.0,0.0,0.0,4.3844,3.1938,34.0,0.3563,0.0,13.9,5.5,7.1,8.7,2026-09-22
Isaiah Likely,isaiah likely,TE,NYG,,32.0,42.25,0.0,0.0,0.0,0.0,0.0,0.0,0.0,0.0,0.0,0.0,5.0531,3.7594,37.4375,0.2437,0.0,16.3,5.2,7.0,8.9,2026-09-22
Dalton Schultz,dalton schultz,TE,HOU,,32.0,41.5625,0.0,0.0,0.0,0.0,0.0,0.0,0.0,0.0,0.0,0.0,5.4281,4.0219,37.7188,0.2094,0.0,16.7,5.0,7.0,9.0,2026-09-22
Jake Ferguson,jake ferguson,TE,DAL,,32.0,44.9062,0.0,0.0,0.0,0.0,0.0,0.0,0.0,0.0,0.0,0.0,5.2531,4.0563,32.3438,0.2906,0.0,15.6,5.0,7.0,9.0,2026-09-22
AJ Barner,aj barner,TE,SEA,,32.0,52.8438,0.0,0.0,0.0,0.0,0.0,0.0,0.0,0.0,0.0,0.0,4.5687,3.5594,32.5938,0.2656,0.0,14.1,5.2,7.0,8.7,2026-09-22
T.J. Hockenson,tj hockenson,TE,MIN,,32.0,44.5,0.0,0.0,0.0,0.0,0.0,0.0,0.0,0.0,0.0,0.0,4.6875,3.6812,34.0938,0.2094,0.0,15.1,4.7,6.5,8.4,2026-09-22
Darren Waller,darren waller,TE,CAR,,32.0,32.75,0.0,0.0,0.0,0.0,0.0,0.0,0.0,0.0,0.0,0.0,4.1469,3.0781,32.6562,0.2125,0.0,13.0,4.6,6.1,7.7,2026-09-22
Evan Engram,evan engram,TE,DEN,,32.0,35.5625,0.0,0.0,0.0,0.0,0.0,0.0,0.0,0.0,0.0,0.0,4.8375,3.4156,32.7188,0.1781,0.0,13.7,4.4,6.1,7.8,2026-09-22
Pat Freiermuth,pat freiermuth,TE,PIT,,32.0,42.5,0.0,0.0,0.0,0.0,0.0,0.0,0.0,0.0,0.0,0.0,4.2719,3.2406,32.4062,0.2,0.0,12.7,4.4,6.0,7.6,2026-09-22
Gunnar Helm,gunnar helm,TE,TEN,,32.0,43.9375,0.0,0.0,0.0,0.0,0.0,0.0,0.0,0.0,0.0,0.0,4.2938,3.2687,28.8125,0.1969,0.0,12.9,4.0,5.7,7.3,2026-09-22
Mike Gesicki,mike gesicki,TE,CIN,,32.0,29.8438,0.0,0.0,0.0,0.0,0.0,0.0,0.0,0.0,0.0,0.0,3.9375,2.85,29.8438,0.2094,0.0,10.8,4.2,5.6,7.1,2026-09-22
Oronde Gadsden II,oronde gadsden ii,TE,LAC,,32.0,30.8438,0.0,0.0,0.0,0.0,0.0,0.0,0.0,0.0,0.0,0.0,3.6125,2.6938,30.4062,0.2094,0.0,11.3,4.3,5.6,7.0,2026-09-22
Mason Taylor,mason taylor,TE,NYJ,Q,32.0,40.3125,0.0,0.0,0.0,0.0,0.0,0.0,0.0,0.0,0.0,0.0,4.2438,3.0812,27.7812,0.1812,0.0,13.7,3.8,5.4,6.9,2026-09-22
Colby Parkinson,colby parkinson,TE,LAR,,32.0,40.5,0.0,0.0,0.0,0.0,0.0,0.0,0.0,0.0,0.0,0.0,3.7437,2.6938,24.6562,0.2562,0.0,11.0,4.0,5.3,6.7,2026-09-22
Greg Dulcich,greg dulcich,TE,MIA,,32.0,43.75,0.0,0.0,0.0,0.0,0.0,0.0,0.0,0.0,0.0,0.0,4.0375,2.9031,27.4062,0.1719,0.0,13.5,3.8,5.3,6.7,2026-09-22
Michael Mayer,michael mayer,TE,LV,,32.0,36.8125,0.0,0.0,0.0,0.0,0.0,0.0,0.0,0.0,0.0,0.0,4.175,2.9406,26.5625,0.1344,0.0,13.3,3.4,4.9,6.4,2026-09-22
Darnell Washington,darnell washington,TE,PIT,,32.0,39.25,0.0,0.0,0.0,0.0,0.0,0.0,0.0,0.0,0.0,0.0,3.575,2.5625,25.0,0.1531,0.0,10.6,3.4,4.7,6.0,2026-09-22
Cade Otton,cade otton,TE,TB,,32.0,55.4062,0.0,0.0,0.0,0.0,0.0,0.0,0.0,0.0,0.0,0.0,3.6938,2.575,23.3438,0.125,0.0,11.7,3.1,4.4,5.6,2026-09-22
David Njoku,david njoku,TE,LAC,O,28.0,32.2857,0.0,0.0,0.0,0.0,0.0,0.0,0.0,0.0,0.0,0.0,3.075,2.3036,21.8571,0.1643,0.0,8.4,3.2,4.3,5.5,2026-09-22
Tyler Higbee,tyler higbee,TE,LAR,,32.0,25.8438,0.0,0.0,0.0,0.0,0.0,0.0,0.0,0.0,0.0,0.0,3.0312,2.1375,19.6875,0.175,0.0,8.9,3.0,4.1,5.1,2026-09-22
Charlie Kolar,charlie kolar,TE,LAC,O,28.0,34.4286,0.0,0.0,0.0,0.0,0.0,0.0,0.0,0.0,0.0,0.0,2.8357,2.0643,20.0714,0.1607,0.0,7.8,2.9,4.0,5.0,2026-09-22
Dawson Knox,dawson knox,TE,BUF,,32.0,31.9688,0.0,0.0,0.0,0.0,0.0,0.0,0.0,0.0,0.0,0.0,2.8281,2.025,19.2812,0.1406,0.0,8.9,2.8,3.8,4.8,2026-09-22
Cole Kmet,cole kmet,TE,CHI,,32.0,33.0,0.0,0.0,0.0,0.0,0.0,0.0,0.0,0.0,0.0,0.0,2.6531,1.7781,19.125,0.1469,0.0,8.4,2.8,3.7,4.5,2026-09-22
Jonnu Smith,jonnu smith,TE,GB,,32.0,22.8438,0.0,0.0,0.0,0.0,0.0,0.0,0.0,0.0,0.0,0.0,2.5156,1.9094,16.875,0.1062,0.0,7.8,2.5,3.5,4.4,2026-09-22
Tommy Tremble,tommy tremble,TE,CAR,,32.0,41.0625,0.0,0.0,0.0,0.0,0.0,0.0,0.0,0.0,0.0,0.0,2.9969,2.0969,18.5312,0.0969,0.0,9.4,2.4,3.5,4.5,2026-09-22
Elijah Arroyo,elijah arroyo,TE,SEA,,32.0,25.0312,0.0,0.0,0.0,0.0,0.0,0.0,0.0,0.0,0.0,0.0,2.5031,1.7031,16.8125,0.1437,0.0,7.7,2.5,3.4,4.2,2026-09-22
Josh Oliver,josh oliver,TE,MIN,,32.0,35.0312,0.0,0.0,0.0,0.0,0.0,0.0,0.0,0.0,0.0,0.0,2.4562,1.8219,17.125,0.1156,0.0,7.9,2.4,3.3,4.2,2026-09-22
Theo Johnson,theo johnson,TE,NYG,,32.0,35.125,0.0,0.0,0.0,0.0,0.0,0.0,0.0,0.0,0.0,0.0,2.4406,1.5688,16.4688,0.1344,0.0,7.9,2.4,3.2,4.0,2026-09-22
Jake Tonges,jake tonges,TE,SF,,16.0,22.8125,0.0,0.0,0.0,0.0,0.0,0.0,0.0,0.0,0.0,0.0,2.3125,1.6938,15.125,0.1187,0.0,3.5,2.2,3.1,3.9,2026-09-22
Daniel Bellinger,daniel bellinger,TE,TEN,,32.0,26.3125,0.0,0.0,0.0,0.0,0.0,0.0,0.0,0.0,0.0,0.0,2.1,1.5281,15.75,0.1062,0.0,6.3,2.2,3.0,3.7,2026-09-22
Erick All,erick all,TE,CIN,,32.0,25.125,0.0,0.0,0.0,0.0,0.0,0.0,0.0,0.0,0.0,0.0,2.3563,1.7,14.2812,0.1125,0.0,6.4,2.1,2.9,3.8,2026-09-22
Durham Smythe,durham smythe,TE,BAL,,32.0,34.6875,0.0,0.0,0.0,0.0,0.0,0.0,0.0,0.0,0.0,0.0,2.5562,1.75,14.875,0.0938,0.0,8.6,2.0,2.9,3.8,2026-09-22
Kenyon Sadiq,kenyon sadiq,TE,NYJ,,32.0,22.3438,0.0,0.0,0.0,0.0,0.0,0.0,0.0,0.0,0.0,0.0,2.3094,1.6406,13.25,0.0938,0.0,7.5,2.0,2.9,3.7,2026-09-22
Will Kacmarek,will kacmarek,TE,MIA,,32.0,31.875,0.0,0.0,0.0,0.0,0.0,0.0,0.0,0.0,0.0,0.0,2.5906,1.7,14.5312,0.0969,0.0,8.7,2.0,2.9,3.7,2026-09-22
Noah Fant,noah fant,TE,NO,,32.0,20.5312,0.0,0.0,0.0,0.0,0.0,0.0,0.0,0.0,0.0,0.0,2.1406,1.5688,13.7812,0.0844,0.0,6.6,1.9,2.7,3.4,2026-09-22
Austin Hooper,austin hooper,TE,ATL,,32.0,21.875,0.0,0.0,0.0,0.0,0.0,0.0,0.0,0.0,0.0,0.0,1.7844,1.3188,13.25,0.0813,0.0,5.6,1.8,2.5,3.1,2026-09-22
Noah Gray,noah gray,TE,KC,,32.0,32.6875,0.0,0.0,0.0,0.0,0.0,0.0,0.0,0.0,0.0,0.0,1.9438,1.3531,12.875,0.0719,0.0,6.1,1.7,2.4,3.1,2026-09-22
Hunter Long,hunter long,TE,ARI,,32.0,21.5625,0.0,0.0,0.0,0.0,0.0,0.0,0.0,0.0,0.0,0.0,1.8687,1.3313,11.8125,0.0844,0.0,6.0,1.7,2.3,3.0,2026-09-22
Foster Moreau,foster moreau,TE,HOU,,32.0,18.4062,0.0,0.0,0.0,0.0,0.0,0.0,0.0,0.0,0.0,0.0,1.6438,1.2437,11.9375,0.0875,0.0,5.1,1.7,2.3,2.9,2026-09-22
Eli Raridon,eli raridon,TE,NE,Q,32.0,34.7812,0.0,0.0,0.0,0.0,0.0,0.0,0.0,0.0,0.0,0.0,1.9062,1.3344,11.2188,0.0844,0.0,6.0,1.6,2.3,2.9,2026-09-22
Johnny Mundt,johnny mundt,TE,PHI,,32.0,24.5312,0.0,0.0,0.0,0.0,0.0,0.0,0.0,0.0,0.0,0.0,1.9688,1.3031,12.0625,0.0688,0.0,6.4,1.6,2.3,2.9,2026-09-22
Elijah Higgins,elijah higgins,TE,ARI,,32.0,20.4062,0.0,0.0,0.0,0.0,0.0,0.0,0.0,0.0,0.0,0.0,1.65,1.2531,11.375,0.0594,0.0,5.3,1.5,2.1,2.7,2026-09-22
Adam Trautman,adam trautman,TE,DEN,,32.0,30.4375,0.0,0.0,0.0,0.0,0.0,0.0,0.0,0.0,0.0,0.0,1.6625,1.2188,10.75,0.0531,0.0,4.7,1.4,2.0,2.6,2026-09-22
Nate Boerkircher,nate boerkircher,TE,JAC,,32.0,25.625,0.0,0.0,0.0,0.0,0.0,0.0,0.0,0.0,0.0,0.0,1.5813,1.1094,9.4062,0.0688,0.0,4.7,1.3,1.9,2.5,2026-09-22
Jackson Hawes,jackson hawes,TE,BUF,,32.0,23.2188,0.0,0.0,0.0,0.0,0.0,0.0,0.0,0.0,0.0,0.0,1.2219,0.9969,9.875,0.0688,0.0,3.9,1.4,1.9,2.4,2026-09-22
Jeremy Ruckert,jeremy ruckert,TE,NYJ,,32.0,21.9688,0.0,0.0,0.0,0.0,0.0,0.0,0.0,0.0,0.0,0.0,1.4594,1.1094,9.0312,0.0625,0.0,4.7,1.3,1.8,2.4,2026-09-22
Brevyn Spann-Ford,brevyn spannford,TE,DAL,,32.0,20.875,0.0,0.0,0.0,0.0,0.0,0.0,0.0,0.0,0.0,0.0,1.4031,1.0125,9.5625,0.0563,0.0,4.2,1.3,1.8,2.3,2026-09-22
Cade Stover,cade stover,TE,HOU,,32.0,17.5312,0.0,0.0,0.0,0.0,0.0,0.0,0.0,0.0,0.0,0.0,1.3062,0.9375,7.5938,0.0563,0.0,4.0,1.3,1.8,2.3,2026-09-22
Mitchell Evans,mitchell evans,TE,CAR,,32.0,17.7812,0.0,0.0,0.0,0.0,0.0,0.0,0.0,0.0,0.0,0.0,1.2719,0.9437,8.5,0.0594,0.0,4.0,1.2,1.7,2.2,2026-09-22
Drew Sample,drew sample,TE,CIN,,32.0,30.0938,0.0,0.0,0.0,0.0,0.0,0.0,0.0,0.0,0.0,0.0,1.4812,1.0781,8.125,0.05,0.0,4.1,1.2,1.7,2.2,2026-09-22
John Bates,john bates,TE,WAS,,32.0,26.7812,0.0,0.0,0.0,0.0,0.0,0.0,0.0,0.0,0.0,0.0,1.4375,0.9656,8.1562,0.0656,0.0,4.8,1.2,1.7,2.2,2026-09-22
Luke Schoonmaker,luke schoonmaker,TE,DAL,,32.0,25.1875,0.0,0.0,0.0,0.0,0.0,0.0,0.0,0.0,0.0,0.0,1.4312,1.0,9.3438,0.0375,0.0,4.3,1.2,1.7,2.2,2026-09-22
Nate Adkins,nate adkins,TE,DEN,,32.0,22.4688,0.0,0.0,0.0,0.0,0.0,0.0,0.0,0.0,0.0,0.0,1.4094,0.9406,7.875,0.0563,0.0,4.0,1.1,1.6,2.1,2026-09-22
Terrance Ferguson,terrance ferguson,TE,LAR,,32.0,13.1562,0.0,0.0,0.0,0.0,0.0,0.0,0.0,0.0,0.0,0.0,0.9469,0.6406,8.5312,0.0656,0.0,2.8,1.3,1.6,1.9,2026-09-22
Brock Wright,brock wright,TE,DET,,32.0,25.4688,0.0,0.0,0.0,0.0,0.0,0.0,0.0,0.0,0.0,0.0,1.3813,0.9563,7.9062,0.0531,0.0,4.1,1.1,1.6,2.1,2026-09-22
Marlin Klein,marlin klein,TE,HOU,,32.0,14.5,0.0,0.0,0.0,0.0,0.0,0.0,0.0,0.0,0.0,0.0,1.2656,0.8844,7.9688,0.0531,0.0,3.9,1.1,1.5,2.0,2026-09-22
Luke Farrell,luke farrell,TE,SF,,32.0,29.0938,0.0,0.0,0.0,0.0,0.0,0.0,0.0,0.0,0.0,0.0,1.1469,0.8094,6.7812,0.0531,0.0,3.4,1.0,1.4,1.8,2026-09-22
Blake Whiteheart,blake whiteheart,TE,CLE,,32.0,23.3438,0.0,0.0,0.0,0.0,0.0,0.0,0.0,0.0,0.0,0.0,1.2625,0.8531,7.5,0.0375,0.0,3.8,1.0,1.4,1.8,2026-09-22
Mo Alie-Cox,mo aliecox,TE,IND,,32.0,22.4375,0.0,0.0,0.0,0.0,0.0,0.0,0.0,0.0,0.0,0.0,1.0688,0.7531,6.8438,0.05,0.0,3.3,1.0,1.4,1.7,2026-09-22
Tanner Hudson,tanner hudson,TE,CIN,,24.0,6.5833,0.0,0.0,0.0,0.0,0.0,0.0,0.0,0.0,0.0,0.0,0.9042,0.7167,6.5833,0.0458,0.0,1.9,0.9,1.3,1.7,2026-09-22
Josh Whyle,josh whyle,TE,GB,,32.0,14.7188,0.0,0.0,0.0,0.0,0.0,0.0,0.0,0.0,0.0,0.0,0.8156,0.6219,5.6562,0.0469,0.0,2.6,0.8,1.2,1.5,2026-09-22
Kylen Granson,kylen granson,TE,TEN,,31.0,11.871,0.0,0.0,0.0,0.0,0.0,0.0,0.0,0.0,0.0,0.0,0.9387,0.6548,6.0645,0.0355,0.0,2.7,0.8,1.1,1.5,2026-09-22
Payne Durham,payne durham,TE,TB,,32.0,17.9062,0.0,0.0,0.0,0.0,0.0,0.0,0.0,0.0,0.0,0.0,0.8781,0.5906,5.375,0.0437,0.0,2.8,0.8,1.1,1.4,2026-09-22
Lucas Krull,lucas krull,TE,DEN,,15.0,9.7333,0.0,0.0,0.0,0.0,0.0,0.0,0.0,0.0,0.0,0.0,0.9,0.62,5.3333,0.0333,0.0,1.2,0.7,1.0,1.4,2026-09-22
Charlie Woerner,charlie woerner,TE,ATL,,32.0,19.4375,0.0,0.0,0.0,0.0,0.0,0.0,0.0,0.0,0.0,0.0,0.9812,0.6687,5.4062,0.0281,0.0,3.1,0.7,1.0,1.4,2026-09-22
Ben Sinnott,ben sinnott,TE,WAS,,32.0,19.8125,0.0,0.0,0.0,0.0,0.0,0.0,0.0,0.0,0.0,0.0,0.8031,0.575,5.25,0.0375,0.0,2.7,0.7,1.0,1.3,2026-09-22
Tanner Koziol,tanner koziol,TE,JAC,,31.0,15.129,0.0,0.0,0.0,0.0,0.0,0.0,0.0,0.0,0.0,0.0,0.9581,0.6677,4.0645,0.0484,0.0,2.7,0.7,1.0,1.4,2026-09-22
Eli Stowers,eli stowers,TE,PHI,,24.0,20.3333,0.0,0.0,0.0,0.0,0.0,0.0,0.0,0.0,0.0,0.0,1.025,0.7542,3.7083,0.0458,0.0,2.5,0.6,1.0,1.4,2026-09-22
Andrew Ogletree,andrew ogletree,TE,IND,,32.0,12.5625,0.0,0.0,0.0,0.0,0.0,0.0,0.0,0.0,0.0,0.0,0.7844,0.5531,5.0625,0.0406,0.0,2.5,0.7,1.0,1.3,2026-09-22
Tyler Conklin,tyler conklin,TE,DET,,31.0,8.0,0.0,0.0,0.0,0.0,0.0,0.0,0.0,0.0,0.0,0.0,0.7194,0.5161,4.9032,0.0258,0.0,2.1,0.7,0.9,1.2,2026-09-22
Oscar Delp,oscar delp,TE,NO,,32.0,20.6875,0.0,0.0,0.0,0.0,0.0,0.0,0.0,0.0,0.0,0.0,1.0844,0.725,3.2812,0.0375,0.0,3.4,0.5,0.9,1.3,2026-09-22
James Mitchell,james mitchell,TE,DAL,,13.0,8.6923,0.0,0.0,0.0,0.0,0.0,0.0,0.0,0.0,0.0,0.0,0.7,0.5154,4.6154,0.0231,0.0,0.8,0.6,0.9,1.1,2026-09-22
Eric Saubert,eric saubert,TE,SEA,,32.0,14.4688,0.0,0.0,0.0,0.0,0.0,0.0,0.0,0.0,0.0,0.0,0.725,0.4969,4.1875,0.0344,0.0,2.2,0.6,0.9,1.1,2026-09-22
Davis Allen,davis allen,TE,LAR,,32.0,9.9688,0.0,0.0,0.0,0.0,0.0,0.0,0.0,0.0,0.0,0.0,0.6562,0.4562,3.8438,0.0344,0.0,1.9,0.6,0.8,1.0,2026-09-22
Quintin Morris,quintin morris,TE,JAC,,31.0,9.0645,0.0,0.0,0.0,0.0,0.0,0.0,0.0,0.0,0.0,0.0,0.6387,0.4258,3.7419,0.029,0.0,1.8,0.5,0.8,1.0,2026-09-22
Ian Thomas,ian thomas,TE,LV,,31.0,15.2581,0.0,0.0,0.0,0.0,0.0,0.0,0.0,0.0,0.0,0.0,0.6677,0.4968,4.1935,0.0161,0.0,2.1,0.5,0.8,1.0,2026-09-22
Sam Roush,sam roush,TE,CHI,,32.0,12.5625,0.0,0.0,0.0,0.0,0.0,0.0,0.0,0.0,0.0,0.0,0.7375,0.5031,2.5625,0.0344,0.0,2.3,0.5,0.7,1.0,2026-09-22
David Martin-Robinson,david martinrobinson,TE,TEN,,30.0,11.6333,0.0,0.0,0.0,0.0,0.0,0.0,0.0,0.0,0.0,0.0,0.5567,0.3833,3.3667,0.0233,0.0,1.6,0.5,0.7,0.8,2026-09-22
Chris Manhertz,chris manhertz,TE,NYG,,32.0,10.9375,0.0,0.0,0.0,0.0,0.0,0.0,0.0,0.0,0.0,0.0,0.5188,0.3531,3.0625,0.0219,0.0,1.7,0.4,0.6,0.8,2026-09-22
Carsen Ryan,carsen ryan,TE,CLE,,32.0,12.5625,0.0,0.0,0.0,0.0,0.0,0.0,0.0,0.0,0.0,0.0,0.7031,0.4781,2.25,0.025,0.0,2.1,0.4,0.6,0.9,2026-09-22
Jelani Woods,jelani woods,TE,NYJ,,31.0,8.5484,0.0,0.0,0.0,0.0,0.0,0.0,0.0,0.0,0.0,0.0,0.4355,0.3258,3.0,0.0226,0.0,1.4,0.4,0.6,0.8,2026-09-22
Jared Wiley,jared wiley,TE,KC,,15.0,8.9333,0.0,0.0,0.0,0.0,0.0,0.0,0.0,0.0,0.0,0.0,0.4333,0.3133,2.8667,0.02,0.0,0.6,0.4,0.6,0.7,2026-09-22
Will Mallory,will mallory,TE,IND,,24.0,5.9583,0.0,0.0,0.0,0.0,0.0,0.0,0.0,0.0,0.0,0.0,0.3875,0.2875,2.875,0.0167,0.0,0.9,0.4,0.5,0.7,2026-09-22
Jackson Meeks,jackson meeks,TE,DET,,32.0,7.6875,0.0,0.0,0.0,0.0,0.0,0.0,0.0,0.0,0.0,0.0,0.5,0.3219,2.0625,0.0219,0.0,1.5,0.3,0.5,0.7,2026-09-22
Bauer Sharp,bauer sharp,TE,TB,,32.0,10.75,0.0,0.0,0.0,0.0,0.0,0.0,0.0,0.0,0.0,0.0,0.55,0.3812,1.5938,0.0219,0.0,1.7,0.3,0.5,0.7,2026-09-22
Joe Royer,joe royer,TE,CLE,O,24.0,9.3333,0.0,0.0,0.0,0.0,0.0,0.0,0.0,0.0,0.0,0.0,0.575,0.3917,1.625,0.0208,0.0,1.3,0.3,0.5,0.7,2026-09-22
Ben Yurosek,ben yurosek,TE,MIN,,24.0,7.7083,0.0,0.0,0.0,0.0,0.0,0.0,0.0,0.0,0.0,0.0,0.3875,0.2708,2.3333,0.0125,0.0,0.9,0.3,0.4,0.6,2026-09-22
CJ Dippre,cj dippre,TE,TB,,15.0,6.2667,0.0,0.0,0.0,0.0,0.0,0.0,0.0,0.0,0.0,0.0,0.5067,0.3533,1.2667,0.02,0.0,0.7,0.2,0.4,0.6,2026-09-22
Josh Cuevas,josh cuevas,TE,BAL,,32.0,7.8438,0.0,0.0,0.0,0.0,0.0,0.0,0.0,0.0,0.0,0.0,0.4281,0.3031,1.5312,0.0187,0.0,1.4,0.3,0.4,0.6,2026-09-22
Max Klare,max klare,TE,LAR,,31.0,6.871,0.0,0.0,0.0,0.0,0.0,0.0,0.0,0.0,0.0,0.0,0.3935,0.2935,1.4516,0.0194,0.0,1.1,0.3,0.4,0.6,2026-09-22
Jack Endries,jack endries,TE,CIN,,32.0,6.9688,0.0,0.0,0.0,0.0,0.0,0.0,0.0,0.0,0.0,0.0,0.425,0.3063,1.25,0.0187,0.0,1.2,0.2,0.4,0.5,2026-09-22
Jack Westover,jack westover,TE,WAS,,15.0,5.0667,0.0,0.0,0.0,0.0,0.0,0.0,0.0,0.0,0.0,0.0,0.3133,0.2267,1.8667,0.0133,0.0,0.5,0.3,0.4,0.5,2026-09-22
Seydou Traore,seydou traore,TE,MIA,,32.0,8.4375,0.0,0.0,0.0,0.0,0.0,0.0,0.0,0.0,0.0,0.0,0.4406,0.2906,1.2188,0.0156,0.0,1.5,0.2,0.4,0.5,2026-09-22
Ko Kieft,ko kieft,TE,TB,,31.0,7.871,0.0,0.0,0.0,0.0,0.0,0.0,0.0,0.0,0.0,0.0,0.3903,0.2677,1.0323,0.0161,0.0,1.2,0.2,0.3,0.5,2026-09-22
Tip Reiman,tip reiman,TE,ARI,,24.0,4.4583,0.0,0.0,0.0,0.0,0.0,0.0,0.0,0.0,0.0,0.0,0.2708,0.1792,1.5,0.0083,0.0,0.7,0.2,0.3,0.4,2026-09-22
Luke Musgrave,luke musgrave,TE,GB,,24.0,2.6667,0.0,0.0,0.0,0.0,0.0,0.0,0.0,0.0,0.0,0.0,0.2125,0.1625,1.5833,0.0083,0.0,0.5,0.2,0.3,0.4,2026-09-22
Dallen Bentley,dallen bentley,TE,DEN,,14.0,7.1429,0.0,0.0,0.0,0.0,0.0,0.0,0.0,0.0,0.0,0.0,0.5,0.3429,0.0714,0.0143,0.0,0.6,0.1,0.3,0.4,2026-09-22
Justin Joly,justin joly,TE,MIA,,29.0,5.5172,0.0,0.0,0.0,0.0,0.0,0.0,0.0,0.0,0.0,0.0,0.3207,0.2138,0.8276,0.0103,0.0,1.0,0.1,0.3,0.4,2026-09-22
Thomas Fidone II,thomas fidone ii,TE,NYG,O,30.0,5.8667,0.0,0.0,0.0,0.0,0.0,0.0,0.0,0.0,0.0,0.0,0.2733,0.18,0.9667,0.01,0.0,0.8,0.2,0.3,0.3,2026-09-22
Keleki Latu,keleki latu,TE,BUF,,31.0,3.871,0.0,0.0,0.0,0.0,0.0,0.0,0.0,0.0,0.0,0.0,0.2065,0.1516,1.2581,0.0065,0.0,0.6,0.2,0.2,0.3,2026-09-22
Carter Runyon,carter runyon,TE,LV,,24.0,3.8333,0.0,0.0,0.0,0.0,0.0,0.0,0.0,0.0,0.0,0.0,0.1917,0.1333,1.1667,0.0042,0.0,0.5,0.1,0.2,0.3,2026-09-22
Grant Calcaterra,grant calcaterra,TE,PHI,,24.0,3.625,0.0,0.0,0.0,0.0,0.0,0.0,0.0,0.0,0.0,0.0,0.1417,0.1042,0.9583,0.0083,0.0,0.3,0.1,0.2,0.2,2026-09-22
Feleipe Franks,feleipe franks,TE,CAR,,32.0,0.7812,0.0,0.0,0.0,0.0,0.0,0.0,0.0,0.0,0.0,0.0,0.0187,0.0125,0.125,0.0,0.0,0.1,0.2,0.2,0.2,2026-09-22
Nick Kallerup,nick kallerup,TE,SEA,,32.0,2.8125,0.0,0.0,0.0,0.0,0.0,0.0,0.0,0.0,0.0,0.0,0.1375,0.0969,0.8438,0.0063,0.0,0.4,0.1,0.2,0.2,2026-09-22
Ja'Tavion Sanders,jatavion sanders,TE,CAR,,32.0,1.2812,0.0,0.0,0.0,0.0,0.0,0.0,0.0,0.0,0.0,0.0,0.1062,0.0781,0.625,0.0031,0.0,0.3,0.1,0.1,0.2,2026-09-22
Drake Dabney,drake dabney,TE,GB,,14.0,1.5714,0.0,0.0,0.0,0.0,0.0,0.0,0.0,0.0,0.0,0.0,0.0857,0.0643,0.5714,0.0,0.0,0.1,0.1,0.1,0.1,2026-09-22
